Country,Refugee,Year
Iran,4174401,1990
Pakistan,3255975,1990
Sudan,1031050,1990
Jordan,929737,1990
Malawi,926725,1990
Palestine,910637,1990
Germany,816000,1990
Ethiopia,773764,1990
USA,464887,1990
Somalia,460000,1990
DR Congo,416435,1990
Mexico,356400,1990
Guinea,325000,1990
Lebanon,304599,1990
China,287276,1990
Syria,284856,1990
Costa Rica,276210,1990
Ivory Coast,272281,1990
Burundi,268403,1990
Tanzania,265184,1990
Honduras,237100,1990
Guatemala,223377,1990
India,212743,1990
France,193000,1990
Zimbabwe,190950,1990
Algeria,169110,1990
Canada,154761,1990
Uganda,145718,1990
Zambia,138049,1990
Sierra Leone,125830,1990
Sweden,109663,1990
Thailand,99821,1990
Australia,97915,1990
Djibouti,77606,1990
Mauritania,60000,1990
Senegal,58113,1990
Cameroon,49876,1990
Hungary,45123,1990
UK,43632,1990
Swaziland,42074,1990
Switzerland,40943,1990
Austria,34938,1990
Denmark,32906,1990
Belize,30657,1990
Turkey,28000,1990
Belgium,25911,1990
Rwanda,23601,1990
Vietnam,21150,1990
El Salvador,20300,1990
Philippines,19860,1990
Norway,19581,1990
Nepal,17800,1990
Netherlands,17337,1990
Nicaragua,16000,1990
Malaysia,14862,1990
Kenya,14249,1990
Mali,13411,1990
Argentina,11735,1990
Angola,11557,1990
Italy,10840,1990
Greece,8488,1990
Spain,8303,1990
Hong Kong,8161,1990
Ghana,8123,1990
Papua NG,7099,1990
Japan,6819,1990
Brazil,5335,1990
New Zealand,4666,1990
CA Republic,4284,1990
Cuba,3988,1990
Nigeria,3571,1990
Togo,3477,1990
Indonesia,3278,1990
G-Bissau,3004,1990
R of Congo,2990,1990
Yemen,2938,1990
Finland,2348,1990
Egypt,1991,1990
Domin Rep,1966,1990
Bahrain,1780,1990
Venezuela,1750,1990
Panama,1350,1990
Botswana,1179,1990
Iraq,900,1990
Portugal,867,1990
Niger,792,1990
Peru,724,1990
Luxembourg,687,1990
Ecuador,510,1990
Colombia,460,1990
Benin,456,1990
Mozambique,420,1990
Gabon,417,1990
Ireland,360,1990
Burkina Faso,350,1990
Morocco,311,1990
South Korea,230,1990
Lesotho,214,1990
Macao,205,1990
Bolivia,200,1990
Singapore,146,1990
Bangladesh,145,1990
Uruguay,87,1990
Iceland,85,1990
Gambia,78,1990
Paraguay,66,1990
Chile,58,1990
Afghanistan,50,1990
Cyprus,33,1990
Tunisia,30,1990
Iran,4404995,1991
Pakistan,3099891,1991
Jordan,1001357,1991
Malawi,981812,1991
Palestine,968704,1991
Germany,821500,1991
Sudan,729200,1991
Guinea,547960,1991
Ethiopia,529620,1991
USA,513882,1991
DR Congo,482959,1991
Mexico,360170,1991
Lebanon,316095,1991
Syria,296256,1991
China,289061,1991
Tanzania,288103,1991
Burundi,270136,1991
Ivory Coast,230290,1991
Guatemala,223236,1991
India,210569,1991
Zimbabwe,197627,1991
France,174756,1991
Canada,170916,1991
Algeria,169124,1991
Uganda,162521,1991
Zambia,140676,1991
Sweden,124470,1991
Kenya,120163,1991
Costa Rica,117492,1991
Honduras,101961,1991
Djibouti,96144,1991
Thailand,88164,1991
Iraq,87990,1991
Hungary,73838,1991
Senegal,71908,1991
Australia,53117,1991
Swaziland,49569,1991
Switzerland,45622,1991
Kuwait,45590,1991
Cameroon,45237,1991
UK,43371,1991
Bangladesh,40260,1991
Denmark,36110,1991
Mauritania,35200,1991
Austria,34508,1991
Rwanda,34004,1991
Saudi Arabia,33261,1991
Turkey,30462,1991
Yemen,29977,1991
Belize,29969,1991
Norway,29054,1991
Nepal,28319,1991
Sierra Leone,28036,1991
Belgium,24071,1991
Vietnam,20148,1991
El Salvador,20099,1991
Netherlands,19020,1991
New Zealand,16760,1991
Nicaragua,14933,1991
Malaysia,13947,1991
Mali,13120,1991
CA Republic,12223,1991
Argentina,11529,1991
Angola,11022,1991
Italy,9813,1991
Greece,8989,1991
Philippines,8972,1991
Ghana,8128,1991
Japan,6397,1991
Papua NG,6098,1991
Brazil,5389,1991
G-Bissau,4631,1991
Finland,4561,1991
Hong Kong,4414,1991
Spain,4003,1991
Nigeria,3573,1991
Togo,3406,1991
R of Congo,3395,1991
Indonesia,3156,1991
Egypt,2245,1991
Venezuela,1720,1991
Domin Rep,1571,1991
Niger,1385,1991
Botswana,1054,1991
Portugal,998,1991
Panama,914,1991
Luxembourg,692,1991
Czech Rep,691,1991
Peru,683,1991
Romania,651,1991
Poland,550,1991
Benin,456,1991
Colombia,450,1991
Mozambique,420,1991
Bolivia,341,1991
Morocco,322,1991
Burkina Faso,320,1991
Ireland,300,1991
Ecuador,280,1991
Gambia,241,1991
Gabon,220,1991
Lesotho,220,1991
Singapore,166,1991
South Korea,162,1991
Iceland,141,1991
Namibia,136,1991
Tunisia,130,1991
Macao,116,1991
Uruguay,81,1991
Chile,72,1991
Paraguay,66,1991
Cyprus,60,1991
Afghanistan,38,1991
Sri Lanka,15,1991
Jamaica,4,1991
Cape Verde,3,1991
Iran,4150723,1992
Pakistan,1629218,1992
Germany,1236000,1992
Jordan,1073007,1992
Malawi,1058498,1992
Palestine,1026771,1992
Sudan,725900,1992
USA,579952,1992
Guinea,478491,1992
Ethiopia,431824,1992
Croatia,403000,1992
Kenya,402194,1992
DR Congo,391127,1992
Mexico,360991,1992
Lebanon,325707,1992
Syria,309672,1992
Armenia,300000,1992
Tanzania,292148,1992
China,288123,1992
Burundi,271745,1992
India,258372,1992
Azerbaijan,246,1992
Bangladesh,245154,1992
Zimbabwe,237713,1992
Guatemala,222929,1992
Algeria,219314,1992
Uganda,196290,1992
Canada,183723,1992
Ivory Coast,174076,1992
France,156512,1992
Zambia,142104,1992
Sweden,131073,1992
Iraq,115000,1992
Costa Rica,114392,1992
Honduras,100348,1992
Liberia,100048,1992
Nepal,95251,1992
Slovenia,74100,1992
Senegal,71620,1992
UK,64726,1992
Thailand,63625,1992
Austria,62355,1992
Afghanistan,60025,1992
Yemen,59680,1992
Swaziland,55580,1992
Australia,52604,1992
Switzerland,51930,1992
Kuwait,44879,1992
Cameroon,42233,1992
Denmark,39118,1992
Mauritania,37500,1992
Hungary,32412,1992
Macedonia,32000,1992
Norway,29846,1992
Netherlands,29739,1992
Saudi Arabia,28660,1992
Turkey,28477,1992
Djibouti,28000,1992
Rwanda,25162,1992
Belgium,24292,1992
Belize,20351,1992
El Salvador,19903,1992
CA Republic,19040,1992
New Zealand,17310,1992
Vietnam,16263,1992
Nicaragua,14450,1992
Mali,13109,1992
G-Bissau,12163,1992
Ghana,12114,1992
Argentina,11515,1992
Malaysia,11399,1992
Angola,11002,1992
Czech Rep,9399,1992
Italy,9258,1992
Greece,8456,1992
Philippines,6722,1992
Papua NG,6686,1992
Japan,6669,1992
Finland,5950,1992
Sierra Leone,5866,1992
Burkina Faso,5670,1992
Egypt,5509,1992
Brazil,5439,1992
Cuba,5092,1992
Nigeria,4782,1992
Spain,4036,1992
Niger,3699,1992
Gambia,3632,1992
Indonesia,3530,1992
R of Congo,3385,1992
Togo,3353,1992
Albania,3000,1992
Tajikistan,3000,1992
Poland,2719,1992
Hong Kong,2605,1992
Luxembourg,2208,1992
Venezuela,1990,1992
Portugal,1778,1992
Panama,1007,1992
Peru,640,1992
Romania,520,1992
Domin Rep,510,1992
Ireland,500,1992
Botswana,497,1992
Bolivia,491,1992
Somalia,480,1992
Colombia,478,1992
Bahamas,374,1992
Morocco,319,1992
Mozambique,299,1992
Benin,293,1992
Gabon,272,1992
Bulgaria,218,1992
Ecuador,204,1992
Namibia,171,1992
Iceland,154,1992
South Korea,149,1992
Chile,142,1992
Lesotho,117,1992
Singapore,115,1992
Tunisia,111,1992
Jamaica,90,1992
Uruguay,90,1992
Cyprus,80,1992
Chad,70,1992
Suriname,52,1992
Paraguay,45,1992
Sri Lanka,21,1992
Macao,15,1992
Cape Verde,2,1992
Iran,2495038,1993
Pakistan,1478266,1993
Germany,1418000,1993
Jordan,1145025,1993
Palestine,1084838,1993
Sudan,745200,1993
Malawi,713807,1993
USA,623060,1993
Guinea,577158,1993
DR Congo,572070,1993
Tanzania,564520,1993
Syria,353302,1993
Armenia,334000,1993
Lebanon,320705,1993
Kenya,301595,1993
China,287423,1993
Croatia,287000,1993
Uganda,286500,1993
Rwanda,277000,1993
Ethiopia,272831,1993
Burundi,271883,1993
India,262708,1993
Ivory Coast,251588,1993
South Africa,250000,1993
Azerbaijan,228840,1993
Algeria,219067,1993
Bangladesh,198954,1993
Canada,183244,1993
France,188269,1993
Sweden,162402,1993
Benin,156241,1993
Liberia,150153,1993
Ghana,150100,1993
Zambia,141126,1993
Thailand,119232,1993
Iraq,109066,1993
Nepal,105342,1993
Zimbabwe,100482,1993
UK,80230,1993
Senegal,73002,1993
Austria,57687,1993
Switzerland,56586,1993
Yemen,54450,1993
Australia,53505,1993
Mexico,52477,1993
Mauritania,51548,1993
Italy,50276,1993
Swaziland,48889,1993
Slovenia,45000,1993
Denmark,44564,1993
CA Republic,44129,1993
Cameroon,44013,1993
Netherlands,43538,1993
Norway,38375,1993
Djibouti,34065,1993
Afghanistan,32132,1993
Macedonia,31452,1993
Kuwait,30000,1993
Belgium,24908,1993
Costa Rica,24834,1993
Saudi Arabia,24025,1993
Turkey,23267,1993
Kyrgyzstan,21242,1993
G-Bissau,20738,1993
Niger,16692,1993
Sierra Leone,16279,1993
Turkmenistan,15400,1993
Mali,15224,1993
R of Congo,13646,1993
Argentina,11636,1993
Angola,10878,1993
Belize,8912,1993
Finland,8511,1993
Uzbekistan,8000,1993
Greece,7873,1993
Papua NG,7670,1993
Egypt,6712,1993
Burkina Faso,6604,1993
Japan,6495,1993
Brazil,6198,1993
Nicaragua,5643,1993
Vietnam,5084,1993
Kazakhstan,5000,1993
Spain,4997,1993
Nigeria,4829,1993
Guatemala,4689,1993
New Zealand,3942,1993
Cuba,3606,1993
Togo,3280,1993
Hungary,3023,1993
Albania,3000,1993
Philippines,2477,1993
Indonesia,2402,1993
Venezuela,2221,1993
Gambia,2190,1993
Hong Kong,1848,1993
Slovakia,1521,1993
Domin Rep,1331,1993
Libya,1185,1993
Romania,1170,1993
Panama,964,1993
Poland,810,1993
Peru,738,1993
Bolivia,669,1993
Portugal,600,1993
Namibia,585,1993
Botswana,514,1993
Malta,505,1993
Bulgaria,450,1993
UA Emirates,433,1993
Somalia,399,1993
Morocco,336,1993
Tajikistan,300,1993
Colombia,298,1993
Chile,239,1993
Ecuador,238,1993
Luxembourg,225,1993
Mozambique,202,1993
Czech Rep,188,1993
El Salvador,163,1993
Iceland,160,1993
Malaysia,154,1993
Uruguay,138,1993
Ireland,119,1993
Tunisia,99,1993
Cyprus,82,1993
Chad,70,1993
Honduras,65,1993
Jamaica,63,1993
Lesotho,60,1993
Bahamas,59,1993
Paraguay,52,1993
Suriname,50,1993
Sri Lanka,19,1993
Singapore,11,1993
Macao,10,1993
Cambodia,5,1993
Eritrea,3,1993
Iran,2236350,1994
DR Congo,1724385,1994
Germany,1354800,1994
Jordan,1218057,1994
Palestine,1142905,1994
Pakistan,1055435,1994
Tanzania,883250,1994
Sudan,727174,1994
USA,631051,1994
Guinea,553244,1994
Syria,366283,1994
Ivory Coast,360112,1994
Ethiopia,348074,1994
Lebanon,338700,1994
Armenia,304038,1994
Burundi,300302,1994
China,287086,1994
Uganda,286500,1994
India,258344,1994
Kenya,252423,1994
Azerbaijan,231635,1994
Algeria,218073,1994
Sweden,200701,1994
France,195288,1994
Canada,186563,1994
Croatia,183800,1994
Zambia,141126,1994
Nepal,123271,1994
Liberia,120163,1994
Iraq,119581,1994
Bangladesh,116228,1994
Ghana,113666,1994
Thailand,100817,1994
South Africa,91894,1994
Malawi,90242,1994
UK,85160,1994
Mauritania,82229,1994
Switzerland,75295,1994
Italy,73060,1994
Senegal,72994,1994
Benin,70406,1994
Netherlands,62163,1994
Australia,57575,1994
Burkina Faso,49990,1994
Denmark,49558,1994
Yemen,48306,1994
CA Republic,47791,1994
Mexico,47363,1994
Norway,44617,1994
Cameroon,44036,1994
Austria,40703,1994
Djibouti,33406,1994
Kuwait,30020,1994
Slovenia,29156,1994
Turkey,24927,1994
Costa Rica,24630,1994
G-Bissau,23909,1994
Kyrgyzstan,21239,1994
Belgium,19497,1994
Afghanistan,19131,1994
Saudi Arabia,17965,1994
Sierra Leone,15874,1994
Mali,15800,1994
R of Congo,15522,1994
Turkmenistan,15400,1994
Niger,15070,1994
Macedonia,14891,1994
Togo,12370,1994
Argentina,11901,1994
Angola,10686,1994
Finland,9511,1994
Belize,8857,1994
Papua NG,8461,1994
Uzbekistan,8001,1994
Greece,7784,1994
Egypt,7223,1994
Nigeria,6026,1994
Rwanda,6000,1994
Japan,5942,1994
Spain,5361,1994
Malaysia,5308,1994
Kazakhstan,5030,1994
Vietnam,5000,1994
Guatemala,4672,1994
New Zealand,3668,1994
Albania,3000,1994
Hungary,2906,1994
Brazil,2223,1994
Gambia,2206,1994
Zimbabwe,2199,1994
Venezuela,2177,1994
Cuba,2002,1994
Libya,1999,1994
Belarus,1822,1994
Hong Kong,1700,1994
Domin Rep,1252,1994
Czech Rep,1186,1994
Romania,1170,1994
Namibia,1144,1994
Bulgaria,1060,1994
Panama,972,1994
Bolivia,734,1994
Eritrea,706,1994
Tajikistan,695,1994
Philippines,669,1994
Peru,659,1994
Swaziland,643,1994
Gabon,597,1994
Botswana,503,1994
Malta,429,1994
Ireland,400,1994
Poland,393,1994
Somalia,388,1994
UA Emirates,381,1994
Morocco,336,1994
Mozambique,322,1994
Colombia,316,1994
Nicaragua,314,1994
Luxembourg,300,1994
Portugal,248,1994
Ecuador,244,1994
Chile,217,1994
Iceland,160,1994
Slovakia,159,1994
El Salvador,156,1994
Uruguay,113,1994
Chad,109,1994
Honduras,104,1994
Indonesia,97,1994
Madagascar,73,1994
Cyprus,66,1994
Paraguay,60,1994
Lesotho,58,1994
Jamaica,41,1994
Suriname,39,1994
Tunisia,19,1994
Sri Lanka,13,1994
Singapore,12,1994
Cambodia,10,1994
Macao,9,1994
Iran,2071088,1995
DR Congo,1433780,1995
Jordan,1288885,1995
Germany,1267000,1995
Pakistan,1202403,1995
Palestine,1200072,1995
Tanzania,820871,1995
Sudan,874071,1995
Guinea,872208,1995
USA,823204,1995
Ethiopia,383478,1995
Syria,373530,1995
Lebanon,348031,1995
Ivory Coast,207808,1995
China,288308,1995
Kenya,234865,1995
Azerbaijan,233682,1995
Uganda,228350,1995
India,227480,1995
Armenia,218050,1995
Sweden,188212,1995
Croatia,188847,1995
Algeria,182489,1995
Burundi,179017,1995
France,155245,1995
Canada,162125,1995
Zambia,128965,1995
Nepal,124754,1995
Liberia,120080,1995
Iraq,118722,1995
Thailand,106565,1995
South Africa,101408,1995
UK,99909,1995
Ghana,83200,1995
Switzerland,82943,1995
Netherlands,78960,1995
Italy,74302,1995
Senegal,86769,1995
Denmark,84844,1995
Australia,82145,1995
Yemen,53453,1995
Bangladesh,51118,1995
Norway,47607,1995
Cameroon,45781,1995
Mexico,38717,1995
Vietnam,34400,1995
Mauritania,34394,1995
Austria,34385,1995
CA Republic,33856,1995
Belgium,31691,1995
Burkina Faso,29777,1995
Belarus,28988,1995
Niger,27622,1995
Djibouti,27310,1995
Costa Rica,24226,1995
Benin,23843,1995
Turkmenistan,23323,1995
Slovenia,22314,1995
Afghanistan,19605,1995
R of Congo,19404,1995
Mali,17916,1995
Kazakhstan,15561,1995
G-Bissau,15350,1995
Kyrgyzstan,13407,1995
Saudi Arabia,13169,1995
Turkey,12841,1995
Hungary,11394,1995
Angola,10884,1995
Togo,10876,1995
Argentina,10314,1995
Finland,10191,1995
Papua NG,9601,1995
Macedonia,9048,1995
Belize,8750,1995
Nigeria,8118,1995
Rwanda,7792,1995
Gambia,6599,1995
Spain,5852,1995
Japan,5435,1995
Egypt,5407,1995
Malaysia,5278,1995
Albania,4720,1995
Sierra Leone,4675,1995
Greece,4428,1995
Libya,3973,1995
New Zealand,3758,1995
Kuwait,3306,1995
Czech Rep,2655,1995
Uzbekistan,2627,1995
Slovakia,2339,1995
Brazil,2050,1995
Solomon Isl,2000,1995
Cuba,1829,1995
Namibia,1682,1995
Venezuela,1613,1995
Guatemala,1496,1995
Hong Kong,1481,1995
Bulgaria,1320,1995
Eritrea,1083,1995
Malawi,1018,1995
Domin Rep,985,1995
Panama,867,1995
Gabon,791,1995
Philippines,783,1995
Swaziland,712,1995
Luxembourg,700,1995
Bolivia,681,1995
Somalia,626,1995
Tajikistan,620,1995
Peru,610,1995
Poland,600,1995
Nicaragua,577,1995
Zimbabwe,514,1995
Malta,416,1995
UA Emirates,407,1995
Ireland,400,1995
Chile,283,1995
Botswana,266,1995
Portugal,248,1995
Colombia,218,1995
Ecuador,202,1995
Tunisia,199,1995
Iceland,197,1995
Romania,194,1995
El Salvador,154,1995
Uruguay,132,1995
Mozambique,128,1995
Singapore,12,1995
Chad,100,1995
Georgia,100,1995
Honduras,63,1995
Paraguay,60,1995
Cyprus,55,1995
Morocco,55,1995
Jamaica,23,1995
Indonesia,19,1995
Sri Lanka,16,1995
Cambodia,15,1995
Fiji,9,1995
Bahamas,8,1995
Macao,8,1995
South Korea,5,1995
Iran,2030358,1996
Jordan,1359580,1996
Germany,1286000,1996
Palestine,1240368,1996
Pakistan,1202703,1996
DR Congo,875973,1996
Guinea,863854,1996
USA,807024,1996
Tanzania,408732,1996
Sudan,303874,1996
Ethiopia,380528,1996
Syria,375150,1996
Lebanon,355076,1996
Ivory Coast,327886,1996
China,280100,1996
Uganda,264204,1996
Russia,246601,1996
Azerbaijan,233602,1996
India,233370,1996
Kenya,223840,1996
Armenia,218050,1996
Sweden,181171,1996
Algeria,180267,1996
Croatia,165395,1996
France,151329,1996
Canada,138435,1996
Zambia,131139,1996
Nepal,128815,1996
Liberia,120061,1996
Iraq,112957,1996
Thailand,107962,1996
Netherlands,102588,1996
UK,88577,1996
Austria,88116,1996
Switzerland,84413,1996
Australia,87313,1996
Denmark,86373,1996
Senegal,85044,1996
Italy,64711,1996
Yemen,53546,1996
Norway,48409,1996
Cameroon,46407,1996
CA Republic,36564,1996
Belgium,36060,1996
Ghana,35617,1996
Mexico,34569,1996
Vietnam,34400,1996
Bangladesh,30692,1996
Belarus,30525,1996
Burkina Faso,28381,1996
Niger,25845,1996
Rwanda,25257,1996
Djibouti,25076,1996
Costa Rica,23176,1996
South Africa,22645,1996
Burundi,20733,1996
R of Congo,20451,1996
Afghanistan,18775,1996
Mali,18234,1996
Kyrgyzstan,16707,1996
Mauritania,15880,1996
Turkmenistan,15580,1996
Kazakhstan,15577,1996
G-Bissau,15401,1996
Sierra Leone,13532,1996
Togo,12589,1996
Finland,11382,1996
Argentina,10430,1996
Papua NG,10176,1996
Slovenia,10014,1996
Saudi Arabia,9852,1996
Angola,9381,1996
Belize,8534,1996
Nigeria,8486,1996
Turkey,8166,1996
Libya,7747,1996
Hungary,7537,1996
Gambia,6924,1996
Egypt,6035,1996
Benin,5960,1996
Greece,5780,1996
Spain,5688,1996
Malaysia,5309,1996
Japan,5278,1996
Macedonia,5089,1996
Albania,4925,1996
Kuwait,3831,1996
New Zealand,3788,1996
Uzbekistan,2900,1996
Czech Rep,2266,1996
Brazil,2212,1996
Namibia,2204,1996
Eritrea,2106,1996
Solomon Isl,2000,1996
Cuba,1694,1996
Venezuela,1596,1996
Guatemala,1564,1996
Bulgaria,1430,1996
Slovakia,1387,1996
Hong Kong,1348,1996
Malawi,1268,1996
Tajikistan,1166,1996
Panama,867,1996
Gabon,798,1996
Luxembourg,700,1996
Somalia,700,1996
Bolivia,698,1996
Philippines,691,1996
Peru,663,1996
Domin Rep,640,1996
Poland,600,1996
Zimbabwe,595,1996
Swaziland,575,1996
Nicaragua,557,1996
UA Emirates,464,1996
Malta,367,1996
Chile,313,1996
Portugal,308,1996
Romania,269,1996
Iceland,232,1996
Colombia,220,1996
Botswana,214,1996
Ecuador,21,1996
Mozambique,198,1996
Tunisia,176,1996
El Salvador,150,1996
Uruguay,138,1996
Chad,100,1996
Georgia,95,1996
Ireland,69,1996
Honduras,63,1996
Indonesia,61,1996
Paraguay,53,1996
Morocco,51,1996
Cyprus,49,1996
Bahamas,48,1996
Jamaica,25,1996
Cambodia,16,1996
Sri Lanka,14,1996
Singapore,10,1996
Fiji,9,1996
South Korea,6,1996
Iran,1082553,1997
Jordan,1438104,1997
Palestine,1308438,1997
Pakistan,1202734,1997
Germany,1049000,1997
Tanzania,570367,1997
USA,563837,1997
Guinea,435300,1997
Syria,383006,1997
Sudan,374415,1997
Lebanon,385180,1997
Ethiopia,323087,1997
DR Congo,207538,1997
China,281507,1997
Russia,237720,1997
Azerbaijan,233715,1997
Kenya,232087,1997
India,223073,1997
Armenia,218000,1997
Ivory Coast,208502,1997
Uganda,188513,1997
Sweden,188725,1997
Algeria,170746,1997
Thailand,168154,1997
Zambia,165072,1997
France,146558,1997
Nepal,128157,1997
Liberia,128886,1997
Canada,125184,1997
Netherlands,118071,1997
UK,107933,1997
Iraq,104032,1997
Austria,84394,1997
Switzerland,83203,1997
Croatia,88863,1997
Denmark,88122,1997
Italy,86620,1997
Australia,86074,1997
Senegal,57229,1997
Norway,47381,1997
Cameroon,47057,1997
Yemen,40964,1997
Bosnia & Herz,40000,1997
CA Republic,38499,1997
Belgium,36060,1997
Rwanda,34227,1997
Mexico,31908,1997
Djibouti,23590,1997
Costa Rica,23114,1997
Ghana,22858,1997
Burundi,22028,1997
Bangladesh,21603,1997
R of Congo,20697,1997
G-Bissau,15982,1997
Turkmenistan,15787,1997
Kazakhstan,15577,1997
Kyrgyzstan,15276,1997
Vietnam,15000,1997
Sierra Leone,13011,1997
Togo,12682,1997
Mali,12552,1997
Finland,12017,1997
Argentina,10522,1997
Angola,9364,1997
Nigeria,9071,1997
Libya,8481,1997
Belize,8387,1997
Papua NG,8198,1997
Mauritania,7510,1997
Niger,7376,1997
Gambia,7279,1997
South Africa,6819,1997
Egypt,6493,1997
Hungary,5890,1997
Saudi Arabia,5833,1997
Spain,5532,1997
Greece,5520,1997
Malaysia,5285,1997
Slovenia,5135,1997
Japan,4851,1997
Kuwait,3787,1997
New Zealand,3646,1997
Macedonia,3500,1997
Uzbekistan,3169,1997
Benin,2918,1997
Eritrea,2606,1997
Namibia,2511,1997
Turkey,2446,1997
Brazil,2260,1997
Tajikistan,2174,1997
Burkina Faso,1801,1997
Czech Rep,1731,1997
Guatemala,1508,1997
Cuba,1280,1997
Hong Kong,1229,1997
Gabon,862,1997
Poland,835,1997
Zimbabwe,806,1997
Solomon Isl,800,1997
Peru,750,1997
Slovakia,746,1997
Luxembourg,700,1997
Romania,640,1997
Domin Rep,638,1997
Panama,622,1997
Somalia,622,1997
Swaziland,592,1997
UA Emirates,519,1997
Tunisia,506,1997
Nicaragua,465,1997
Ireland,430,1997
Bulgaria,390,1997
Malta,343,1997
Bolivia,333,1997
Portugal,319,1997
Philippines,311,1997
Chad,302,1997
Venezuela,301,1997
Botswana,281,1997
Malawi,280,1997
Chile,276,1997
Iceland,260,1997
Ecuador,227,1997
Colombia,223,1997
Georgia,162,1997
Uruguay,133,1997
El Salvador,109,1997
Mozambique,72,1997
Bahamas,60,1997
Morocco,57,1997
Belarus,50,1997
Paraguay,47,1997
Cyprus,43,1997
Indonesia,34,1997
Jamaica,33,1997
Albania,30,1997
Sri Lanka,26,1997
Cambodia,14,1997
Suriname,10,1997
Honduras,9,1997
Lithuania,6,1997
Afghanistan,5,1997
Singapore,5,1997
Saint Lucia,3,1997
South Korea,3,1997
Guyana,1,1997
Iran,1831332,1998
Jordan,1488228,1998
Palestine,1348288,1998
Pakistan,1202462,1998
Germany,949200,1998
Tanzania,543881,1998
USA,533088,1998
Guinea,482467,1998
Sudan,381406,1998
Syria,381008,1998
Lebanon,371204,1998
Armenia,310012,1998
China,202545,1998
Ethiopia,282180,1998
DR Congo,240214,1998
Kenya,238187,1998
Azerbaijan,221835,1998
Uganda,204545,1998
India,185516,1998
Sweden,178785,1998
Zambia,168564,1998
Algeria,185226,1998
Ivory Coast,151182,1998
France,140215,1998
Thailand,138332,1998
Netherlands,131490,1998
Russia,128574,1998
Nepal,128101,1998
UK,121716,1998
Canada,118371,1998
Iraq,104022,1998
Liberia,96317,1998
Switzerland,81903,1998
Austria,80300,1998
Australia,80745,1998
Denmark,89015,1998
Yemen,81382,1998
Senegal,80823,1998
Malaysia,50614,1998
Cameroon,47826,1998
Norway,45334,1998
CA Republic,43013,1998
Bosnia & Herz,40000,1998
Rwanda,33403,1998
Croatia,29027,1998
Mexico,28251,1998
R of Congo,27174,1998
Burundi,25093,1998
Djibouti,23582,1998
Costa Rica,22986,1998
Albania,22332,1998
Bangladesh,22277,1998
Belgium,15509,1998
Vietnam,15000,1998
Turkmenistan,14625,1998
Kyrgyzstan,14560,1998
Ghana,14557,1998
Mali,13598,1998
Finland,12290,1998
Togo,11816,1998
Angola,10605,1998
Libya,10558,1998
Gambia,10320,1998
Sierra Leone,9866,1998
Chad,8810,1998
South Africa,8388,1998
Kazakhstan,8338,1998
Papua NG,8198,1998
Nigeria,6780,1998
G-Bissau,6604,1998
Egypt,6276,1998
Greece,6145,1998
Spain,5939,1998
Saudi Arabia,5531,1998
Italy,5473,1998
Japan,4492,1998
Kuwait,4182,1998
New Zealand,4097,1998
Namibia,3820,1998
Niger,3691,1998
Tajikistan,3634,1998
Hungary,3504,1998
Belize,3483,1998
Slovenia,3465,1998
Benin,2903,1998
Turkey,2528,1998
Eritrea,2501,1998
Brazil,2347,1998
Argentina,2270,1998
Botswana,2137,1998
Czech Rep,1805,1998
Macedonia,1700,1998
Zimbabwe,1655,1998
Malawi,1245,1998
Panama,1188,1998
Gabon,1124,1998
Uzbekistan,1071,1998
Cuba,1067,1998
Hong Kong,1039,1998
Romania,989,1998
Morocco,901,1998
Poland,898,1998
Guatemala,815,1998
Luxembourg,700,1998
Domin Rep,614,1998
Ireland,600,1998
Swaziland,592,1998
Burkina Faso,564,1998
UA Emirates,529,1998
Tunisia,528,1998
Nicaragua,474,1998
Peru,433,1998
Slovakia,424,1998
Bolivia,349,1998
Portugal,339,1998
Somalia,337,1998
Philippines,307,1998
Chile,305,1998
Malta,296,1998
Iceland,294,1998
Ecuador,248,1998
Bulgaria,240,1998
Colombia,226,1998
Solomon Isl,210,1998
Uruguay,163,1998
Venezuela,158,1998
Cyprus,84,1998
Bahamas,80,1998
Belarus,75,1998
Mozambique,52,1998
Indonesia,47,1998
Jamaica,37,1998
Lithuania,34,1998
El Salvador,33,1998
Paraguay,30,1998
Sri Lanka,29,1998
Israel,27,1998
Mauritania,26,1998
Cambodia,21,1998
Georgia,20,1998
Honduras,9,1998
Singapore,5,1998
Laos,2,1998
Latvia,2,1998
South Korea,1,1998
Iran,1835688,1999
Jordan,1542417,1999
Palestine,1384855,1999
Pakistan,1202015,1999
Germany,975500,1999
Tanzania,622203,1999
USA,521143,1999
Guinea,501544,1999
Sudan,390005,1999
Syria,384856,1999
Lebanon,377812,1999
Armenia,206218,1999
China,203298,1999
DR Congo,285270,1999
Ethiopia,257889,1999
Kenya,223696,1999
Azerbaijan,221643,1999
Uganda,218191,1999
Zambia,206386,1999
India,180031,1999
Algeria,185249,1999
Indonesia,162506,1999
Sweden,158513,1999
UK,148922,1999
Netherlands,138646,1999
Ivory Coast,138429,1999
France,128722,1999
Iraq,128013,1999
Nepal,127940,1999
Canada,123316,1999
Thailand,100133,1999
Liberia,96317,1999
Switzerland,82298,1999
Austria,82081,1999
Russia,80006,1999
Denmark,69006,1999
Bosnia & Herz,65645,1999
Australia,64918,1999
Yemen,60477,1999
Malaysia,50517,1999
CA Republic,49314,1999
Cameroon,49227,1999
Norway,43440,1999
R of Congo,39870,1999
Rwanda,34365,1999
Croatia,28374,1999
Mexico,24511,1999
Chad,23478,1999
Djibouti,23271,1999
Costa Rica,22903,1999
Bangladesh,22210,1999
Burundi,22109,1999
Senegal,21539,1999
Macedonia,21200,1999
Turkmenistan,18464,1999
Gambia,17219,1999
Belgium,16760,1999
Gabon,15070,1999
Vietnam,15000,1999
Kazakhstan,14795,1999
South Africa,14538,1999
Ghana,13261,1999
Angola,13071,1999
Finland,12869,1999
Togo,12113,1999
Kyrgyzstan,10849,1999
Libya,10535,1999
Mali,8302,1999
Namibia,7612,1999
G-Bissau,7120,1999
Nigeria,6941,1999
Spain,6714,1999
Papua NG,6666,1999
Sierra Leone,6570,1999
Egypt,6553,1999
Greece,6283,1999
Italy,6024,1999
Saudi Arabia,5562,1999
Georgia,5180,1999
Hungary,4990,1999
New Zealand,4800,1999
Tajikistan,4541,1999
Slovenia,4382,1999
Kuwait,4334,1999
Japan,4235,1999
Albania,3930,1999
Benin,3657,1999
Eritrea,2972,1999
Belize,2891,1999
Ireland,2835,1999
Turkey,2815,1999
Brazil,2378,1999
Argentina,2345,1999
Zimbabwe,2071,1999
Malawi,1700,1999
Panama,1321,1999
Botswana,1296,1999
Romania,1242,1999
Czech Rep,1232,1999
Uzbekistan,1014,1999
Hong Kong,974,1999
Cuba,967,1999
Poland,942,1999
Morocco,901,1999
Guatemala,732,1999
Peru,702,1999
Luxembourg,700,1999
Burkina Faso,675,1999
Domin Rep,625,1999
Swaziland,616,1999
Bulgaria,547,1999
UA Emirates,501,1999
Nicaragua,471,1999
Tunisia,454,1999
Slovakia,443,1999
Portugal,379,1999
Bolivia,350,1999
Niger,350,1999
Chile,323,1999
Ecuador,314,1999
Malta,271,1999
Belarus,260,1999
Iceland,254,1999
Colombia,230,1999
Mauritania,223,1999
Mozambique,220,1999
Venezuela,188,1999
Philippines,170,1999
Somalia,130,1999
Israel,128,1999
Cyprus,117,1999
Bahamas,100,1999
Uruguay,87,1999
Lithuania,44,1999
Mauritius,43,1999
Jamaica,37,1999
Madagascar,28,1999
El Salvador,24,1999
Cambodia,21,1999
Sri Lanka,21,1999
Paraguay,19,1999
Comoros,9,1999
Honduras,9,1999
Moldova,8,1999
South Korea,7,1999
Latvia,6,1999
Qatar,6,1999
Bahrain,1,1999
Lesotho,1,1999
Singapore,1,1999
Pakistan,2001466,2000
Iran,1868000,2000
Jordan,1810838,2000
Palestine,1428891,2000
Germany,906000,2000
Tanzania,680862,2000
USA,508222,2000
Guinea,427208,2000
Sudan,414928,2000
Syria,300089,2000
Lebanon,382744,2000
DR Congo,332508,2000
China,294110,2000
Armenia,280501,2000
Zambia,250040,2000
Uganda,238622,2000
Kenya,206106,2000
Ethiopia,197959,2000
UK,186248,2000
India,170041,2000
Algeria,188656,2000
Sweden,157220,2000
Netherlands,146180,2000
France,132508,2000
Nepal,128237,2000
Iraq,127787,2000
Canada,128991,2000
R of Congo,123190,2000
Indonesia,122618,2000
Ivory Coast,120691,2000
Thailand,104965,2000
Denmark,71035,2000
Liberia,69315,2000
Yemen,60545,2000
Australia,60246,2000
Switzerland,57653,2000
CA Republic,55661,2000
Malaysia,50487,2000
Norway,47693,2000
Cameroon,43680,2000
Uzbekistan,38350,2000
Bosnia & Herz,38152,2000
Rwanda,28398,2000
Namibia,27263,2000
Burundi,27136,2000
Russia,26265,2000
Djibouti,23243,2000
Croatia,22437,2000
Bangladesh,21627,2000
Senegal,20766,2000
Kazakhstan,20874,2000
Belgium,18832,2000
Mexico,18451,2000
Gabon,17982,2000
Chad,17692,2000
Vietnam,15945,2000
Austria,15492,2000
Tajikistan,15364,2000
South Africa,15063,2000
Turkmenistan,14188,2000
Finland,13276,2000
Ghana,12720,2000
Togo,12223,2000
Angola,12086,2000
Gambia,12016,2000
Libya,11543,2000
Kyrgyzstan,10609,2000
Macedonia,9050,2000
Mali,8412,2000
Georgia,7620,2000
G-Bissau,7587,2000
Nigeria,7270,2000
Spain,6987,2000
Italy,6849,2000
Egypt,6840,2000
Greece,6653,2000
Sierra Leone,6546,2000
Papua NG,5863,2000
Costa Rica,5519,2000
Saudi Arabia,5309,2000
Hungary,5064,2000
New Zealand,4923,2000
Benin,4296,2000
Zimbabwe,4127,2000
Israel,4075,2000
Malawi,3900,2000
Japan,3752,2000
Botswana,3551,2000
Turkey,3103,2000
Slovenia,2816,2000
Kuwait,2776,2000
Brazil,2722,2000
Ireland,2543,2000
Argentina,2396,2000
Morocco,2105,2000
Eritrea,1984,2000
Romania,1685,2000
Ecuador,1602,2000
Bulgaria,1474,2000
Panama,1313,2000
Belize,1250,2000
Czech Rep,1186,2000
Poland,1020,2000
Hong Kong,983,2000
Cuba,954,2000
Luxembourg,759,2000
Guatemala,720,2000
Burkina Faso,696,2000
Swaziland,690,2000
Peru,687,2000
UA Emirates,562,2000
Somalia,558,2000
Albania,523,2000
Domin Rep,510,2000
Belarus,458,2000
Slovakia,457,2000
Tunisia,436,2000
Portugal,433,2000
Chile,364,2000
Bolivia,351,2000
Mauritania,350,2000
Nicaragua,332,2000
Azerbaijan,287,2000
Iceland,244,2000
Colombia,239,2000
Mozambique,207,2000
Malta,190,2000
Philippines,176,2000
Venezuela,132,2000
Bahamas,100,2000
Uruguay,79,2000
Cyprus,76,2000
Liechtenstein,70,2000
Moldova,68,2000
El Salvador,59,2000
Niger,58,2000
Lithuania,55,2000
Madagascar,50,2000
Jamaica,38,2000
Cambodia,34,2000
Qatar,31,2000
Paraguay,21,2000
Sri Lanka,16,2000
Honduras,12,2000
Comoros,11,2000
Latvia,7,2000
South Korea,6,2000
Estonia,4,2000
Bahrain,1,2000
Pakistan,2198797,2001
Iran,1868000,2001
Jordan,1883204,2001
Palestine,1483304,2001
Germany,903000,2001
Tanzania,646900,2001
USA,515853,2001
Syria,300599,2001
Lebanon,387733,2001
DR Congo,362012,2001
Sudan,349208,2001
China,205325,2001
Zambia,284173,2001
Armenia,264337,2001
Saudi Arabia,245268,2001
Kenya,238221,2001
UK,233389,2001
Uganda,198736,2001
Guinea,178444,2001
India,168549,2001
Algeria,168422,2001
Ethiopia,152554,2001
Netherlands,151928,2001
Sweden,146491,2001
France,131601,2001
Nepal,130945,2001
Canada,128224,2001
Iraq,128142,2001
Ivory Coast,128239,2001
R of Congo,119147,2001
Thailand,110711,2001
Indonesia,73551,2001
Denmark,73284,2001
Yemen,69468,2001
Switzerland,58494,2001
Australia,57895,2001
Liberia,54760,2001
Malaysia,50466,2001
Norway,50128,2001
CA Republic,49239,2001
Cameroon,41186,2001
Uzbekistan,39579,2001
Rwanda,34786,2001
Bosnia & Herz,32745,2001
Namibia,30885,2001
Burundi,27896,2001
Djibouti,23176,2001
Bangladesh,22173,2001
Croatia,21875,2001
Senegal,20707,2001
Kazakhstan,19531,2001
South Africa,18605,2001
Russia,17970,2001
Vietnam,15945,2001
Gabon,15581,2001
Mexico,15455,2001
Tajikistan,15346,2001
Austria,14390,2001
Turkmenistan,14005,2001
Chad,12950,2001
Finland,12728,2001
Belgium,12265,2001
Togo,12257,2001
Angola,12250,2001
Ghana,11792,2001
Libya,11664,2001
Sierra Leone,10501,2001
Kyrgyzstan,9296,2001
Zimbabwe,8706,2001
Italy,8571,2001
Mali,8439,2001
Gambia,8133,2001
Costa Rica,8104,2001
Georgia,7901,2001
G-Bissau,7332,2001
Egypt,7230,2001
Nigeria,7200,2001
Greece,6948,2001
Spain,6806,2001
Malawi,6200,2001
New Zealand,5264,2001
Papua NG,4941,2001
Benin,4799,2001
Hungary,4710,2001
Macedonia,4363,2001
Israel,4168,2001
Ireland,3598,2001
Botswana,3581,2001
Turkey,3472,2001
Japan,3200,2001
Bulgaria,3004,2001
Brazil,2884,2001
Slovenia,2411,2001
Argentina,2396,2001
Eritrea,2272,2001
Morocco,2091,2001
Romania,1805,2001
Ecuador,1715,2001
Panama,1470,2001
Hong Kong,1390,2001
Poland,1311,2001
Kuwait,1255,2001
Czech Rep,1216,2001
Luxembourg,1201,2001
Belize,1129,2001
Cuba,1036,2001
Guatemala,729,2001
Swaziland,690,2001
Peru,683,2001
Somalia,589,2001
Belarus,584,2001
UA Emirates,556,2001
Slovakia,472,2001
Burkina Faso,457,2001
Portugal,449,2001
Chile,389,2001
Azerbaijan,367,2001
Mauritania,365,2001
Bolivia,347,2001
Nicaragua,325,2001
Albania,292,2001
Lithuania,287,2001
Iceland,213,2001
Colombia,210,2001
Mozambique,207,2001
Malta,176,2001
Moldova,159,2001
Liechtenstein,141,2001
Philippines,136,2001
Tunisia,97,2001
Uruguay,90,2001
Cyprus,83,2001
Niger,83,2001
El Salvador,69,2001
Qatar,67,2001
Venezuela,59,2001
Cambodia,50,2001
Lesotho,39,2001
Madagascar,34,2001
Paraguay,21,2001
Honduras,20,2001
Sri Lanka,17,2001
Mauritius,14,2001
Comoros,13,2001
Estonia,11,2001
Latvia,8,2001
South Korea,7,2001
Afghanistan,6,2001
Singapore,2,2001
Bahrain,1,2001
Jordan,1888470,2002
Palestine,1532588,2002
Iran,1306588,2002
Pakistan,1227433,2002
Germany,980000,2002
Tanzania,880373,2002
USA,485171,2002
Syria,408518,2002
Lebanon,382053,2002
DR Congo,332078,2002
Sudan,328176,2002
China,207277,2002
UK,280887,2002
Armenia,247550,2002
Zambia,246765,2002
Saudi Arabia,245200,2002
Kenya,233871,2002
Uganda,217302,2002
Guinea,182163,2002
Algeria,169233,2002
India,168855,2002
Netherlands,148362,2002
Sweden,142193,2002
Iraq,134190,2002
Ethiopia,132840,2002
Nepal,132436,2002
France,132182,2002
Canada,128850,2002
Thailand,112614,2002
R of Congo,108201,2002
Yemen,82803,2002
Egypt,80494,2002
Denmark,73597,2002
Liberia,64956,2002
Sierra Leone,63494,2002
Australia,59436,2002
Cameroon,58288,2002
Switzerland,84113,2002
CA Republic,50725,2002
Malaysia,50612,2002
Norway,50432,2002
Uzbekistan,44936,2002
Ivory Coast,44749,2002
Burundi,40533,2002
Ghana,33515,2002
Chad,33455,2002
Rwanda,30863,2002
Indonesia,28596,2002
Bosnia & Herz,28022,2002
South Africa,23344,2002
Bangladesh,22025,2002
Djibouti,21702,2002
Namibia,21651,2002
Senegal,20711,2002
Kazakhstan,20610,2002
Vietnam,16945,2002
Russia,14969,2002
Austria,14130,2002
Turkmenistan,13693,2002
Gabon,13473,2002
Mexico,12962,2002
Belgium,12578,2002
Finland,12490,2002
Costa Rica,12433,2002
Togo,12294,2002
Angola,12250,2002
Gambia,12120,2002
Libya,11666,2002
Italy,10060,2002
Zimbabwe,9432,2002
Mali,9095,2002
Croatia,8392,2002
Kyrgyzstan,7708,2002
G-Bissau,7639,2002
Nigeria,7355,2002
Spain,6780,2002
Hungary,6088,2002
New Zealand,5757,2002
Ireland,5380,2002
Benin,5021,2002
Papua NG,4941,2002
Georgia,4192,2002
Israel,4179,2002
Bulgaria,3658,2002
Eritrea,3619,2002
Tajikistan,3437,2002
Turkey,3301,2002
Ecuador,3240,2002
Brazil,3182,2002
Macedonia,2816,2002
Botswana,2805,2002
Greece,2788,2002
Japan,2657,2002
Argentina,2439,2002
Malawi,2166,2002
Morocco,2127,2002
Romania,1857,2002
Poland,1591,2002
Panama,1573,2002
Kuwait,1521,2002
Hong Kong,1496,2002
Czech Rep,1297,2002
Luxembourg,1201,2002
Belize,1049,2002
Cuba,1005,2002
Guatemala,733,2002
Peru,688,2002
Swaziland,653,2002
Belarus,618,2002
Portugal,462,2002
Azerbaijan,458,2002
Burkina Faso,457,2002
Slovakia,444,2002
Chile,413,2002
Mauritania,405,2002
Slovenia,390,2002
Lithuania,368,2002
Bolivia,350,2002
Nicaragua,325,2002
Malta,307,2002
Niger,296,2002
Iceland,207,2002
Mozambique,207,2002
Colombia,205,2002
Cambodia,200,2002
Somalia,199,2002
Cyprus,173,2002
Moldova,173,2002
UA Emirates,163,2002
Liechtenstein,128,2002
Philippines,114,2002
Tunisia,102,2002
Uruguay,99,2002
El Salvador,74,2002
Venezuela,58,2002
Qatar,46,2002
Honduras,29,2002
Sri Lanka,28,2002
Paraguay,21,2002
Albania,17,2002
South Korea,17,2002
Estonia,10,2002
Latvia,7,2002
Afghanistan,3,2002
Singapore,2,2002
Jordan,1741366,2003
Palestine,1587920,2003
Pakistan,1124208,2003
Iran,984896,2003
Germany,960305,2003
Tanzania,640770,2003
USA,452548,2003
Syria,417508,2003
Lebanon,307054,2003
China,200354,2003
UK,276522,2003
Saudi Arabia,240835,2003
Armenia,238288,2003
Kenya,237512,2003
DR Congo,234033,2003
Uganda,230903,2003
Zambia,226807,2003
Guinea,184341,2003
Algeria,168033,2003
India,164757,2003
Chad,146400,2003
Netherlands,140886,2003
Sudan,138163,2003
Canada,133094,2003
France,130838,2003
Ethiopia,130274,2003
Nepal,123667,2003
Thailand,118053,2003
Sweden,112167,2003
R of Congo,91362,2003
Egypt,88749,2003
Ivory Coast,75971,2003
Denmark,69858,2003
Yemen,61881,2003
Sierra Leone,61194,2003
Cameroon,58583,2003
Australia,56258,2003
Switzerland,50144,2003
Iraq,46721,2003
Norway,46109,2003
CA Republic,44753,2003
Uzbekistan,44682,2003
Ghana,43947,2003
Burundi,40971,2003
Rwanda,36608,2003
Liberia,33997,2003
Djibouti,27034,2003
South Africa,26558,2003
Bosnia & Herz,22817,2003
Senegal,20726,2003
Namibia,19800,2003
Bangladesh,19792,2003
Austria,16109,2003
Kazakhstan,15831,2003
Vietnam,15360,2003
Gabon,14005,2003
Turkmenistan,13511,2003
Costa Rica,13508,2003
Angola,13382,2003
Italy,12844,2003
Zimbabwe,12721,2003
Belgium,12595,2003
Togo,12395,2003
Libya,11897,2003
Finland,10843,2003
Mali,10009,2003
Russia,9899,2003
Nigeria,9171,2003
G-Bissau,7551,2003
Papua NG,7491,2003
Gambia,7465,2003
Malaysia,7424,2003
Hungary,7023,2003
Ecuador,6381,2003
Mexico,6075,2003
Ireland,5971,2003
Spain,5900,2003
New Zealand,5807,2003
Kyrgyzstan,5591,2003
Benin,5034,2003
Croatia,4387,2003
Israel,4179,2003
Bulgaria,4068,2003
Eritrea,3889,2003
Georgia,3864,2003
Tajikistan,3306,2003
Malawi,3202,2003
Brazil,3193,2003
Botswana,2838,2003
Greece,2771,2003
Argentina,2642,2003
Turkey,2490,2003
Japan,2266,2003
Morocco,2121,2003
Slovenia,2069,2003
Romania,2011,2003
Hong Kong,1902,2003
Poland,1836,2003
Kuwait,1518,2003
Czech Rep,1516,2003
Panama,1445,2003
Luxembourg,1201,2003
Malta,895,2003
Belize,861,2003
Cuba,836,2003
Peru,718,2003
Guatemala,718,2003
Swaziland,686,2003
Belarus,638,2003
Bolivia,527,2003
Mauritania,475,2003
Burkina Faso,466,2003
Chile,466,2003
Portugal,418,2003
Slovakia,414,2003
Lithuania,403,2003
Somalia,368,2003
Cyprus,349,2003
Niger,328,2003
Azerbaijan,326,2003
Mozambique,311,2003
Nicaragua,300,2003
El Salvador,246,2003
Iceland,239,2003
Indonesia,233,2003
Macedonia,193,2003
Colombia,186,2003
UA Emirates,160,2003
Liechtenstein,149,2003
Philippines,108,2003
Moldova,102,2003
Tunisia,99,2003
Uruguay,91,2003
Cambodia,76,2003
Venezuela,58,2003
Qatar,46,2003
Sri Lanka,30,2003
Paraguay,28,2003
Albania,26,2003
South Korea,25,2003
Honduras,23,2003
Afghanistan,22,2003
Latvia,17,2003
Estonia,12,2003
Singapore,4,2003
Jordan,1777768,2004
Palestine,1634952,2004
Pakistan,1280084,2004
Iran,1045078,2004
Germany,876622,2004
Tanzania,602085,2004
Syria,437344,2004
USA,420854,2004
Lebanon,400905,2004
China,200375,2004
UK,208844,2004
Chad,250880,2004
Uganda,250482,2004
Saudi Arabia,240552,2004
Kenya,238835,2004
Armenia,235235,2004
DR Congo,198323,2004
Zambia,173807,2004
Algeria,168048,2004
India,162687,2004
Sudan,141588,2004
Canada,141398,2004
France,139852,2004
Guinea,139252,2004
Netherlands,128805,2004
Nepal,124928,2004
Thailand,121139,2004
Ethiopia,115980,2004
Egypt,90343,2004
Sweden,73408,2004
Ivory Coast,72088,2004
R of Congo,68536,2004
Yemen,86384,2004
Sierra Leone,65437,2004
Denmark,65310,2004
Australia,63476,2004
Cameroon,58861,2004
Rwanda,50221,2004
Burundi,48808,2004
Switzerland,47678,2004
Iraq,46053,2004
Uzbekistan,44455,2004
Norway,44046,2004
Ghana,42053,2004
South Africa,27683,2004
CA Republic,25020,2004
Malaysia,24908,2004
Bosnia & Herz,22218,2004
Senegal,20804,2004
Bangladesh,20449,2004
Djibouti,18035,2004
Austria,17795,2004
Kazakhstan,15844,2004
Italy,15674,2004
Liberia,15172,2004
Namibia,14773,2004
Angola,13970,2004
Gabon,13787,2004
Belgium,13529,2004
Turkmenistan,13253,2004
Libya,12166,2004
Finland,11328,2004
Togo,11285,2004
Mali,11256,2004
Costa Rica,10413,2004
Azerbaijan,8606,2004
Ecuador,8450,2004
Nigeria,8395,2004
Hungary,7708,2004
Papua NG,7627,2004
G-Bissau,7536,2004
Gambia,7343,2004
Zimbabwe,6884,2004
Ireland,6542,2004
Spain,5686,2004
New Zealand,5350,2004
Benin,4802,2004
Bulgaria,4684,2004
Mexico,4343,2004
Eritrea,4240,2004
Kyrgyzstan,3753,2004
Malawi,3682,2004
Croatia,3663,2004
Brazil,3345,2004
Turkey,3033,2004
Argentina,2916,2004
Botswana,2839,2004
Georgia,2559,2004
Poland,2507,2004
Greece,2489,2004
Vietnam,2360,2004
Morocco,2121,2004
Japan,1967,2004
Hong Kong,1868,2004
Russia,1852,2004
Tajikistan,1834,2004
Romania,1627,2004
Panama,1608,2004
Luxembourg,1590,2004
Malta,1558,2004
Kuwait,1519,2004
Czech Rep,1144,2004
Macedonia,1004,2004
Cuba,795,2004
Peru,766,2004
Belize,732,2004
Belarus,725,2004
Swaziland,704,2004
Guatemala,656,2004
Mozambique,623,2004
Israel,574,2004
Chile,569,2004
Cyprus,531,2004
Bolivia,524,2004
Burkina Faso,492,2004
Mauritania,473,2004
Lithuania,470,2004
Slovakia,409,2004
Cambodia,382,2004
Portugal,377,2004
Somalia,357,2004
Niger,344,2004
Slovenia,304,2004
Nicaragua,292,2004
Venezuela,244,2004
Iceland,239,2004
El Salvador,235,2004
Indonesia,169,2004
Liechtenstein,149,2004
Colombia,141,2004
Philippines,107,2004
UA Emirates,108,2004
Uruguay,97,2004
Tunisia,90,2004
Sri Lanka,63,2004
Moldova,57,2004
Albania,51,2004
Qatar,46,2004
South Korea,44,2004
Paraguay,41,2004
Afghanistan,30,2004
Honduras,23,2004
Estonia,11,2004
Latvia,11,2004
Oman,7,2004
Singapore,1,2004
Jordan,1828842,2005
Palestine,1885851,2005
Pakistan,1084604,2005
Iran,974302,2005
Germany,700018,2005
Tanzania,548824,2005
Syria,458137,2005
Lebanon,405248,2005
USA,370340,2005
UK,303181,2005
China,301044,2005
Chad,275412,2005
Uganda,257256,2005
Kenya,251271,2005
Saudi Arabia,240701,2005
Armenia,219550,2005
DR Congo,204344,2005
Zambia,155718,2005
Sudan,147256,2005
Canada,147171,2005
India,138283,2005
France,137316,2005
Nepal,128436,2005
Netherlands,118189,2005
Thailand,117053,2005
Ethiopia,100817,2005
Algeria,94101,2005
Egypt,88946,2005
Yemen,81937,2005
Sweden,74915,2005
R of Congo,66075,2005
Australia,64964,2005
Guinea,63525,2005
Sierra Leone,59965,2005
Ghana,53537,2005
Cameroon,52042,2005
Iraq,50177,2005
Switzerland,48030,2005
Rwanda,45206,2005
Denmark,44374,2005
Uzbekistan,43950,2005
Norway,43034,2005
Ivory Coast,41627,2005
Malaysia,33693,2005
Benin,30294,2005
South Africa,29714,2005
CA Republic,24569,2005
Austria,21230,2005
Bangladesh,21098,2005
Senegal,20712,2005
Burundi,20681,2005
Italy,20675,2005
Belgium,15282,2005
Angola,13984,2005
Zimbabwe,13850,2005
Libya,12166,2005
Turkmenistan,11963,2005
Finland,11809,2005
Costa Rica,11253,2005
Mali,11233,2005
Bosnia & Herz,10568,2005
Djibouti,10456,2005
Liberia,10168,2005
Ecuador,10063,2005
Papua NG,9999,2005
Togo,9287,2005
Nigeria,9019,2005
Gabon,8545,2005
Hungary,8046,2005
G-Bissau,7616,2005
Gambia,7330,2005
Kazakhstan,7265,2005
Ireland,7113,2005
Spain,5374,2005
Namibia,5307,2005
New Zealand,5307,2005
Poland,4604,2005
Eritrea,4418,2005
Bulgaria,4413,2005
Malawi,4240,2005
Brazil,3458,2005
Mexico,3229,2005
Botswana,3109,2005
Argentina,3074,2005
Azerbaijan,3004,2005
Croatia,2927,2005
Kyrgyzstan,2598,2005
Georgia,2497,2005
Turkey,2399,2005
Greece,2390,2005
Vietnam,2357,2005
Romania,2056,2005
Mozambique,1954,2005
Japan,1944,2005
Malta,1939,2005
Hong Kong,1934,2005
Luxembourg,1822,2005
Czech Rep,1802,2005
Panama,1730,2005
Kuwait,1523,2005
Russia,1523,2005
Macedonia,1274,2005
Tajikistan,1018,2005
Peru,848,2005
Chile,806,2005
Swaziland,760,2005
Belarus,725,2005
Cuba,706,2005
Cyprus,701,2005
Mauritania,632,2005
Belize,624,2005
Israel,609,2005
Bolivia,535,2005
Lithuania,531,2005
Burkina Faso,511,2005
Somalia,493,2005
Venezuela,408,2005
Guatemala,391,2005
Slovakia,368,2005
Portugal,363,2005
Niger,301,2005
Iceland,293,2005
Slovenia,251,2005
Nicaragua,227,2005
Morocco,219,2005
Colombia,155,2005
Liechtenstein,150,2005
Cambodia,127,2005
Uruguay,121,2005
Sri Lanka,106,2005
UA Emirates,104,2005
Philippines,96,2005
Indonesia,89,2005
Tunisia,87,2005
Moldova,84,2005
South Korea,69,2005
Albania,56,2005
Paraguay,50,2005
El Salvador,49,2005
Qatar,46,2005
Afghanistan,32,2005
Honduras,22,2005
Latvia,11,2005
Estonia,7,2005
Oman,7,2005
Singapore,3,2005
Comoros,1,2005
Jordan,2358501,2006
Palestine,1739266,2006
Syria,1144572,2006
Pakistan,1044462,2006
Iran,965370,2006
USA,943408,2006
Germany,605406,2006
Tanzania,485205,2006
Lebanon,428602,2006
UK,301556,2006
China,301027,2006
Chad,286743,2006
Kenya,272531,2006
Uganda,272007,2006
Saudi Arabia,240772,2006
DR Congo,208371,2006
Sudan,198200,2006
India,158366,2006
Canada,151827,2006
France,145996,2006
Thailand,133117,2006
Nepal,128175,2006
Zambia,120253,2006
Armenia,113714,2006
Netherlands,100574,2006
Serbia,98997,2006
Ethiopia,96980,2006
Yemen,95794,2006
Algeria,94180,2006
Egypt,88022,2006
Sweden,79913,2006
Australia,68948,2006
R of Congo,55788,2006
Rwanda,49192,2006
Switzerland,48523,2006
Ghana,44938,2006
Iraq,44406,2006
Norway,43336,2006
Malaysia,37170,2006
Denmark,36659,2006
South Africa,35086,2006
Cameroon,35083,2006
Guinea,31468,2006
Sierra Leone,27365,2006
Ivory Coast,27288,2006
Italy,26875,2006
Bangladesh,26311,2006
Austria,25486,2006
Senegal,20591,2006
Belgium,16820,2006
Liberia,16185,2006
Gambia,13761,2006
Burundi,13176,2006
Angola,13090,2006
CA Republic,12357,2006
Finland,11827,2006
Ecuador,11789,2006
Costa Rica,11515,2006
Benin,10797,2006
Mali,10585,2006
Bosnia & Herz,10318,2006
Papua NG,10183,2006
Djibouti,9259,2006
Nigeria,8768,2006
Gabon,8429,2006
Hungary,8075,2006
Ireland,7917,2006
G-Bissau,7804,2006
Montenegro,6926,2006
Poland,6790,2006
Togo,6328,2006
Namibia,5462,2006
Spain,5275,2006
New Zealand,4906,2006
Eritrea,4621,2006
Bulgaria,4504,2006
Kazakhstan,4412,2006
Malawi,3943,2006
Zimbabwe,3519,2006
Brazil,3492,2006
Mexico,3319,2006
Botswana,3160,2006
Argentina,3158,2006
Libya,2760,2006
Turkey,2633,2006
Azerbaijan,2618,2006
Mozambique,2558,2006
Croatia,2443,2006
Malta,2404,2006
Vietnam,2357,2006
Greece,2289,2006
Luxembourg,2206,2006
Hong Kong,1940,2006
Czech Rep,1887,2006
Panama,1848,2006
Japan,1844,2006
Romania,1658,2006
Russia,1425,2006
Uzbekistan,1415,2006
Georgia,1373,2006
Macedonia,1240,2006
Chile,1134,2006
Tajikistan,929,2006
Cyprus,924,2006
Peru,911,2006
Israel,837,2006
Mauritania,770,2006
Swaziland,752,2006
Turkmenistan,750,2006
Venezuela,720,2006
Belarus,690,2006
Somalia,669,2006
Cuba,667,2006
Bolivia,567,2006
Lithuania,531,2006
Burkina Faso,511,2006
Morocco,503,2006
Belize,488,2006
Guatemala,382,2006
Kyrgyzstan,366,2006
Portugal,333,2006
Niger,317,2006
Indonesia,301,2006
Liechtenstein,277,2006
Iceland,267,2006
Slovenia,254,2006
Slovakia,248,2006
Nicaragua,199,2006
UA Emirates,174,2006
Sri Lanka,162,2006
Moldova,161,2006
Colombia,143,2006
Uruguay,128,2006
Philippines,100,2006
Cambodia,99,2006
South Korea,96,2006
Tunisia,93,2006
Paraguay,59,2006
Albania,56,2006
Kuwait,50,2006
Qatar,46,2006
El Salvador,39,2006
Afghanistan,35,2006
Honduras,22,2006
Latvia,21,2006
Oman,7,2006
Estonia,5,2006
Mongolia,5,2006
Micronesia,2,2006
Bahrain,1,2006
Comoros,1,2006
Singapore,1,2006
Jordan,2403771,2007
Pakistan,2035023,2007
Syria,1055236,2007
Palestine,1783001,2007
Iran,963546,2007
Germany,578878,2007
Lebanon,464200,2007
Tanzania,435830,2007
China,301078,2007
UK,208718,2007
Chad,204017,2007
USA,281218,2007
Kenya,285720,2007
Ecuador,264007,2007
Saudi Arabia,240742,2007
Uganda,228059,2007
Sudan,222722,2007
Venezuela,200007,2007
DR Congo,177390,2007
Canada,175741,2007
India,181537,2007
France,151789,2007
Nepal,130681,2007
Thailand,125643,2007
Yemen,117363,2007
Zambia,112931,2007
Serbia,87995,2007
Egypt,87556,2007
Algeria,84137,2007
Netherlands,86587,2007
Ethiopia,85183,2007
Sweden,75078,2007
Cameroon,60137,2007
Rwanda,53577,2007
Switzerland,45653,2007
Iraq,42354,2007
R of Congo,38472,2007
Kuwait,38159,2007
Italy,38068,2007
South Africa,36736,2007
Ghana,34958,2007
Norway,34522,2007
Malaysia,32658,2007
Austria,30773,2007
Mauritania,30471,2007
Bangladesh,27573,2007
Denmark,26788,2007
Guinea,25226,2007
Ivory Coast,24647,2007
Burundi,24483,2007
Australia,22164,2007
Brazil,20783,2007
Senegal,20421,2007
Belgium,17575,2007
Costa Rica,17190,2007
Panama,16890,2007
Gambia,14895,2007
Angola,12069,2007
Liberia,10466,2007
Poland,10053,2007
Papua NG,10003,2007
Ireland,9333,2007
Mali,9203,2007
Gabon,8826,2007
Sierra Leone,8795,2007
Montenegro,8528,2007
Nigeria,8460,2007
Hungary,8131,2007
G-Bissau,7860,2007
Benin,7621,2007
CA Republic,7535,2007
Bosnia & Herz,7367,2007
Turkey,6956,2007
Djibouti,6651,2007
Namibia,6525,2007
Finland,6204,2007
Spain,5147,2007
Eritrea,5042,2007
Bulgaria,4836,2007
Armenia,4566,2007
Kazakhstan,4285,2007
Libya,4098,2007
Zimbabwe,3981,2007
Argentina,3263,2007
Malta,3000,2007
Malawi,2929,2007
Mozambique,2767,2007
New Zealand,2740,2007
Luxembourg,2737,2007
Botswana,2465,2007
Vietnam,2357,2007
Azerbaijan,2352,2007
Greece,2228,2007
Czech Rep,2037,2007
Japan,1794,2007
Romania,1757,2007
Russia,1655,2007
Croatia,1642,2007
Mexico,1616,2007
Chile,1376,2007
Togo,1328,2007
Macedonia,1235,2007
Cyprus,1194,2007
Israel,1156,2007
Tajikistan,1133,2007
Uzbekistan,1054,2007
Georgia,1047,2007
Peru,995,2007
Somalia,901,2007
Swaziland,789,2007
Morocco,786,2007
Kyrgyzstan,723,2007
Lithuania,688,2007
Belarus,649,2007
Bolivia,632,2007
Cuba,615,2007
Burkina Faso,535,2007
Guatemala,379,2007
Belize,358,2007
Portugal,353,2007
Niger,319,2007
Indonesia,315,2007
Liechtenstein,283,2007
Slovakia,279,2007
Slovenia,263,2007
Nicaragua,184,2007
Sri Lanka,182,2007
Cambodia,179,2007
Colombia,168,2007
UA Emirates,159,2007
Moldova,151,2007
Uruguay,140,2007
Turkmenistan,125,2007
South Korea,118,2007
Philippines,106,2007
Tunisia,101,2007
Hong Kong,97,2007
Albania,77,2007
Paraguay,62,2007
Iceland,49,2007
Qatar,46,2007
Afghanistan,42,2007
El Salvador,39,2007
Latvia,29,2007
Honduras,22,2007
Tr&Tobago,22,2007
Estonia,18,2007
Singapore,10,2007
Oman,7,2007
Mongolia,5,2007
Micronesia,2,2007
Haiti,1,2007
Suriname,1,2007
Vanuatu,1,2007
Jordan,2452018,2008
Palestine,1836123,2008
Pakistan,1780035,2008
Syria,1567585,2008
Iran,980108,2008
Germany,582735,2008
Lebanon,472807,2008
Chad,330510,2008
Tanzania,321808,2008
Kenya,320805,2008
China,300067,2008
UK,282087,2008
USA,278548,2008
Saudi Arabia,240572,2008
Venezuela,201161,2008
India,184543,2008
Sudan,181605,2008
Canada,179651,2008
France,171206,2008
Uganda,162132,2008
DR Congo,155162,2008
Yemen,140169,2008
Nepal,124832,2008
Thailand,112932,2008
Ecuador,101398,2008
Egypt,97861,2008
Serbia,96739,2008
Algeria,84093,2008
Ethiopia,83583,2008
Zambia,83485,2008
Cameroon,81037,2008
Netherlands,77600,2008
Sweden,77038,2008
Rwanda,55062,2008
Italy,47061,2008
Switzerland,46132,2008
South Africa,43546,2008
Iraq,39503,2008
Kuwait,38238,2008
Austria,37557,2008
Malaysia,36671,2008
Norway,36101,2008
Senegal,33193,2008
Bangladesh,28389,2008
Mauritania,27041,2008
Ivory Coast,24811,2008
R of Congo,24779,2008
Montenegro,24741,2008
Denmark,23401,2008
Guinea,21488,2008
Burundi,21093,2008
Australia,20919,2008
Ghana,18206,2008
Costa Rica,18136,2008
Belgium,17026,2008
Panama,16913,2008
Gambia,14836,2008
Poland,12774,2008
Angola,12710,2008
Turkey,11103,2008
Liberia,10224,2008
Nigeria,10124,2008
Papua NG,10006,2008
Ireland,9730,2008
Mali,9578,2008
Togo,9377,2008
Djibouti,9228,2008
Israel,9137,2008
Gabon,9001,2008
G-Bissau,7884,2008
Sierra Leone,7826,2008
Hungary,7750,2008
CA Republic,7429,2008
Bosnia & Herz,7287,2008
Benin,6933,2008
Namibia,6799,2008
Libya,6713,2008
Finland,6617,2008
Bulgaria,5129,2008
Eritrea,4862,2008
Spain,4661,2008
Kazakhstan,4352,2008
Malta,4332,2008
Malawi,4175,2008
Armenia,3953,2008
Brazil,3852,2008
Russia,3479,2008
Zimbabwe,3468,2008
Mozambique,3163,2008
Luxembourg,3109,2008
Botswana,3019,2008
Argentina,2845,2008
New Zealand,2716,2008
Vietnam,2357,2008
Greece,2164,2008
Czech Rep,2110,2008
Azerbaijan,2061,2008
Japan,2019,2008
Somalia,1842,2008
Tajikistan,1799,2008
Macedonia,1672,2008
Chile,1613,2008
Croatia,1597,2008
Romania,1596,2008
Cyprus,1465,2008
Peru,1075,2008
Mexico,1055,2008
Georgia,996,2008
Uzbekistan,821,2008
Swaziland,778,2008
Morocco,766,2008
Lithuania,751,2008
Bolivia,664,2008
Belarus,609,2008
Burkina Faso,557,2008
Cuba,525,2008
Portugal,403,2008
Kyrgyzstan,375,2008
Indonesia,369,2008
Niger,320,2008
Slovakia,317,2008
Belize,277,2008
Sri Lanka,269,2008
Slovenia,268,2008
UA Emirates,209,2008
South Korea,172,2008
Colombia,170,2008
Cambodia,164,2008
Moldova,148,2008
Nicaragua,147,2008
Uruguay,145,2008
Guatemala,130,2008
Philippines,104,2008
Hong Kong,103,2008
Tunisia,94,2008
Liechtenstein,89,2008
Turkmenistan,79,2008
Paraguay,75,2008
Albania,65,2008
Iceland,49,2008
Bahrain,48,2008
Afghanistan,37,2008
Tr&Tobago,33,2008
El Salvador,32,2008
Latvia,32,2008
Honduras,24,2008
Estonia,22,2008
Qatar,13,2008
Mongolia,12,2008
Singapore,10,2008
Oman,7,2008
Haiti,3,2008
Vanuatu,3,2008
Micronesia,1,2008
Suriname,1,2008
Jordan,2434458,2009
Palestine,1885188,2009
Pakistan,1740711,2009
Syria,1526575,2009
Iran,1070488,2009
Germany,583768,2009
Lebanon,476053,2009
Kenya,358828,2009
Chad,338405,2009
China,300088,2009
USA,275461,2009
UK,268363,2009
Bangladesh,228586,2009
Venezuela,201513,2009
France,186364,2009
Sudan,186292,2009
DR Congo,185809,2009
India,185323,2009
Yemen,170854,2009
Canada,188434,2009
Uganda,127345,2009
Ethiopia,121886,2009
Tanzania,118731,2009
Ecuador,116557,2009
R of Congo,111411,2009
Nepal,108461,2009
Thailand,105297,2009
Cameroon,99957,2009
Egypt,94406,2009
Algeria,94137,2009
Serbia,86351,2009
Sweden,81356,2009
Netherlands,76008,2009
Malaysia,66137,2009
Zambia,56785,2009
Italy,54965,2009
Rwanda,54016,2009
South Africa,47974,2009
Switzerland,46203,2009
Austria,38906,2009
Norway,37826,2009
Iraq,35218,2009
CA Republic,27047,2009
Mauritania,26795,2009
Burundi,24967,2009
Ivory Coast,24604,2009
Montenegro,24019,2009
Australia,22548,2009
Senegal,22151,2009
Denmark,20355,2009
Costa Rica,19116,2009
Israel,17736,2009
Panama,16923,2009
Belgium,16545,2009
Guinea,16325,2009
Poland,16320,2009
Angola,14734,2009
Ghana,13658,2009
Mali,13538,2009
Djibouti,12111,2009
Turkey,10350,2009
Gambia,10118,2009
Papua NG,9703,2009
Ireland,9571,2009
Nigeria,9127,2009
Sierra Leone,9051,2009
Libya,9005,2009
Gabon,8845,2009
Togo,8531,2009
G-Bissau,7898,2009
Finland,7447,2009
Benin,7205,2009
Namibia,7163,2009
Bosnia & Herz,7132,2009
Liberia,6952,2009
Hungary,6044,2009
Malta,5955,2009
Malawi,5443,2009
Bulgaria,5393,2009
Russia,4880,2009
Eritrea,4761,2009
Kazakhstan,4340,2009
Brazil,4232,2009
Zimbabwe,3995,2009
Spain,3970,2009
Armenia,3607,2009
Mozambique,3547,2009
New Zealand,3289,2009
Argentina,3230,2009
Luxembourg,3230,2009
Botswana,3022,2009
Cyprus,2888,2009
Tajikistan,2679,2009
Vietnam,2357,2009
Japan,2332,2009
Czech Rep,2323,2009
Somalia,1815,2009
Greece,1695,2009
Azerbaijan,1642,2009
Macedonia,1542,2009
Chile,1539,2009
Croatia,1238,2009
Mexico,1235,2009
Peru,1108,2009
Romania,1069,2009
Georgia,870,2009
Indonesia,798,2009
Lithuania,793,2009
Morocco,773,2009
Swaziland,759,2009
Bolivia,679,2009
Belarus,680,2009
Saudi Arabia,675,2009
Uzbekistan,655,2009
Burkina Faso,643,2009
Cuba,464,2009
Kyrgyzstan,423,2009
Slovakia,401,2009
Portugal,389,2009
Niger,325,2009
Slovenia,289,2009
UA Emirates,279,2009
South Korea,268,2009
Sri Lanka,251,2009
Belize,230,2009
Kuwait,221,2009
Colombia,196,2009
Uruguay,168,2009
Moldova,141,2009
Bahrain,139,2009
Cambodia,135,2009
Guatemala,131,2009
Nicaragua,120,2009
Philippines,95,2009
Tunisia,92,2009
Liechtenstein,91,2009
Paraguay,89,2009
Hong Kong,86,2009
Albania,70,2009
Iceland,62,2009
Turkmenistan,60,2009
Latvia,43,2009
Afghanistan,37,2009
Tr&Tobago,37,2009
El Salvador,30,2009
Qatar,29,2009
Jamaica,26,2009
Oman,26,2009
Estonia,24,2009
Honduras,19,2009
Mongolia,12,2009
Palau,12,2009
Singapore,7,2009
Macao,6,2009
Vanuatu,4,2009
Haiti,3,2009
Fiji,2,2009
Micronesia,1,2009
Suriname,1,2009
Jordan,2450381,2010
Palestine,2015855,2010
Pakistan,1800621,2010
Syria,1501442,2010
Iran,1073366,2010
Germany,594260,2010
Lebanon,463436,2010
Kenya,402905,2010
Chad,347938,2010
China,300086,2010
USA,264574,2010
UK,238150,2010
Bangladesh,220253,2010
Venezuela,201547,2010
France,200687,2010
Yemen,190092,2010
India,184821,2010
Sudan,178308,2010
DR Congo,188336,2010
Canada,185549,2010
Ethiopia,154295,2010
Uganda,135801,2010
R of Congo,133112,2010
Ecuador,121249,2010
Tanzania,109286,2010
Cameroon,104275,2010
Thailand,96675,2010
Egypt,95056,2010
Algeria,94144,2010
Nepal,89808,2010
Sweden,82629,2010
Malaysia,81516,2010
Netherlands,74961,2010
Serbia,73608,2010
South Africa,57899,2010
Italy,56397,2010
Rwanda,55398,2010
Switzerland,48813,2010
Zambia,47857,2010
Austria,42630,2010
Norway,40260,2010
Iraq,34655,2010
Burundi,29365,2010
Mauritania,26717,2010
Ivory Coast,26218,2010
Israel,25471,2010
Liberia,24743,2010
Australia,21808,2010
CA Republic,21574,2010
Senegal,20672,2010
Costa Rica,19505,2010
Denmark,17922,2010
Belgium,17892,2010
Panama,17073,2010
Montenegro,16364,2010
Poland,15555,2010
Angola,15155,2010
Djibouti,15104,2010
Guinea,14113,2010
Togo,14051,2010
Ghana,13828,2010
Mali,13558,2010
Turkey,10032,2010
Papua NG,9698,2010
Ireland,9107,2010
Gabon,9015,2010
Nigeria,8747,2010
Finland,8724,2010
Gambia,8378,2010
Sierra Leone,8363,2010
Libya,7923,2010
G-Bissau,7679,2010
Namibia,7284,2010
Benin,7139,2010
Bosnia & Herz,7016,2010
Afghanistan,6434,2010
Malta,6136,2010
Malawi,5740,2010
Bulgaria,5530,2010
Hungary,5414,2010
Russia,4922,2010
Eritrea,4809,2010
Zimbabwe,4435,2010
Kazakhstan,4406,2010
Brazil,4357,2010
Mozambique,4077,2010
Spain,3820,2010
Cyprus,3304,2010
Armenia,3296,2010
Argentina,3276,2010
Luxembourg,3254,2010
Tajikistan,3131,2010
Botswana,2986,2010
Japan,2586,2010
Kyrgyzstan,2458,2010
Czech Rep,2449,2010
New Zealand,2307,2010
Somalia,1937,2010
Vietnam,1928,2010
Azerbaijan,1891,2010
Chile,1621,2010
Greece,1444,2010
Macedonia,1398,2010
Mexico,1396,2010
Peru,1146,2010
Romania,1021,2010
Croatia,936,2010
Indonesia,811,2010
Lithuania,803,2010
Morocco,792,2010
Swaziland,759,2010
Bolivia,695,2010
Georgia,639,2010
Domin Rep,599,2010
Belarus,589,2010
Saudi Arabia,582,2010
UA Emirates,538,2010
Burkina Faso,531,2010
Slovakia,461,2010
Cuba,411,2010
Portugal,384,2010
South Korea,358,2010
Niger,314,2010
Slovenia,314,2010
Uzbekistan,311,2010
Philippines,243,2010
Sri Lanka,223,2010
Colombia,212,2010
Uruguay,189,2010
Kuwait,184,2010
Bahrain,165,2010
Hong Kong,154,2010
Moldova,148,2010
Guatemala,138,2010
Belize,134,2010
Cambodia,129,2010
Paraguay,107,2010
Liechtenstein,92,2010
Tunisia,89,2010
Iceland,83,2010
Oman,78,2010
Albania,76,2010
Latvia,68,2010
Nicaragua,64,2010
Turkmenistan,62,2010
Qatar,51,2010
Estonia,39,2010
El Salvador,38,2010
Tr&Tobago,29,2010
Bahamas,28,2010
Jamaica,21,2010
Honduras,14,2010
Mongolia,12,2010
Guyana,7,2010
Singapore,7,2010
Vanuatu,4,2010
Fiji,1,2010
Suriname,1,2010
Jordan,2430589,2011
Palestine,1895043,2011
Pakistan,1702700,2011
Syria,1242301,2011
Iran,996468,2011
Germany,571884,2011
Kenya,566487,2011
Lebanon,445144,2011
Chad,366404,2011
China,301018,2011
Ethiopia,288844,2011
USA,264763,2011
Bangladesh,220869,2011
Yemen,214740,2011
France,210207,2011
Venezuela,202022,2011
UK,193510,2011
India,185118,2011
Canada,184883,2011
DR Congo,152749,2011
R of Congo,144232,2011
Uganda,139448,2011
Sudan,138415,2011
Tanzania,131243,2011
Liberia,128293,2011
Ecuador,123436,2011
Cameroon,100373,2011
Egypt,95087,2011
Algeria,94148,2011
Thailand,89253,2011
Malaysia,86680,2011
Sweden,86615,2011
Netherlands,74598,2011
Nepal,72654,2011
Serbia,70707,2011
Italy,58060,2011
South Africa,57899,2011
Rwanda,55325,2011
Switzerland,50416,2011
Austria,47073,2011
Zambia,45632,2011
Israel,41238,2011
Norway,40691,2011
Burundi,35659,2011
Iraq,35189,2011
Mauritania,26535,2011
Ivory Coast,24221,2011
Australia,23434,2011
Belgium,22402,2011
Senegal,20644,2011
Djibouti,20340,2011
Costa Rica,20057,2011
Togo,19270,2011
Panama,17262,2011
CA Republic,16730,2011
Guinea,16609,2011
Angola,16223,2011
Poland,15847,2011
Mali,15624,2011
Turkey,14465,2011
Ghana,13588,2011
Denmark,13399,2011
Montenegro,12874,2011
Libya,10130,2011
Gambia,9528,2011
Papua NG,9377,2011
Finland,9175,2011
Nigeria,8806,2011
Ireland,8248,2011
Sierra Leone,8092,2011
G-Bissau,7800,2011
Benin,7217,2011
Malta,6952,2011
Bosnia & Herz,6933,2011
Malawi,6308,2011
Kyrgyzstan,6095,2011
Namibia,6049,2011
Bulgaria,5688,2011
Hungary,5106,2011
Eritrea,4719,2011
Zimbabwe,4561,2011
Brazil,4477,2011
Spain,4228,2011
Tunisia,4097,2011
Mozambique,4079,2011
Russia,3914,2011
Cyprus,3503,2011
Argentina,3361,2011
Tajikistan,3323,2011
Botswana,3312,2011
Afghanistan,3009,2011
Armenia,2918,2011
Luxembourg,2855,2011
Japan,2649,2011
Czech Rep,2449,2011
Somalia,2099,2011
New Zealand,1934,2011
Gabon,1773,2011
Azerbaijan,1730,2011
Mexico,1677,2011
Chile,1674,2011
Greece,1873,2011
Peru,1144,2011
Macedonia,1130,2011
Indonesia,1006,2011
Romania,1005,2011
Vietnam,990,2011
Croatia,824,2011
Lithuania,821,2011
Swaziland,759,2011
Morocco,736,2011
Bolivia,716,2011
UA Emirates,677,2011
Kazakhstan,616,2011
Saudi Arabia,599,2011
Belarus,595,2011
Domin Rep,595,2011
Burkina Faso,546,2011
Slovakia,546,2011
Georgia,462,2011
Portugal,408,2011
South Korea,401,2011
Cuba,384,2011
Kuwait,338,2011
Niger,302,2011
Colombia,219,2011
Uzbekistan,214,2011
Bahrain,199,2011
Sri Lanka,188,2011
Uruguay,174,2011
Hong Kong,152,2011
Guatemala,147,2011
Moldova,146,2011
Slovenia,142,2011
Philippines,128,2011
Paraguay,124,2011
Latvia,95,2011
Liechtenstein,94,2011
Nicaragua,86,2011
Oman,83,2011
Albania,82,2011
Qatar,80,2011
Belize,78,2011
Cambodia,64,2011
Turkmenistan,59,2011
Iceland,58,2011
Estonia,50,2011
El Salvador,38,2011
Monaco,37,2011
Lesotho,34,2011
Bahamas,28,2011
Tr&Tobago,22,2011
Jamaica,20,2011
Honduras,17,2011
Madagascar,9,2011
Fiji,7,2011
Guyana,7,2011
Grenada,3,2011
Singapore,3,2011
Saint Lucia,2,2011
Tonga,2,2011
Macao,1,2011
Mongolia,1,2011
Palau,1,2011
Jordan,2337348,2012
Palestine,1044544,2012
Pakistan,1838456,2012
Syria,975695,2012
Iran,865242,2012
Germany,588737,2012
Lebanon,575483,2012
Kenya,564033,2012
Ethiopia,376303,2012
Chad,373695,2012
China,301037,2012
Turkey,267063,2012
USA,262023,2012
Yemen,237182,2012
Bangladesh,230697,2012
France,217865,2012
Venezuela,203644,2012
Uganda,197877,2012
India,185856,2012
Canada,183756,2012
Sudan,152194,2012
UK,148799,2012
Ecuador,123824,2012
Egypt,109933,2012
Tanzania,101021,2012
Cameroon,98969,2012
Iraq,98822,2012
R of Congo,98455,2012
Algeria,4133,2012
Sweden,2872,2012
Malaysia,80185,2012
Thailand,84479,2012
Mauritania,80496,2012
Netherlands,71909,2012
Serbia,86370,2012
Liberia,65909,2012
South Africa,65233,2012
DR Congo,65109,2012
Italy,64779,2012
Rwanda,58212,2012
Nepal,56264,2012
Austria,51730,2012
Switzerland,50747,2012
Niger,50510,2012
Israel,48505,2012
Norway,42822,2012
Burundi,41813,2012
Burkina Faso,39306,2012
Australia,30083,2012
Zambia,25653,2012
Togo,23540,2012
Angola,23413,2012
Belgium,22024,2012
Costa Rica,20449,2012
Djibouti,19139,2012
Panama,17429,2012
Afghanistan,16187,2012
Ghana,16016,2012
Poland,15911,2012
Senegal,14237,2012
CA Republic,14014,2012
Mali,13928,2012
Denmark,11814,2012
Montenegro,11198,2012
Guinea,10371,2012
Finland,9919,2012
Gambia,9853,2012
Papua NG,9383,2012
Malta,8248,2012
G-Bissau,7784,2012
Libya,7065,2012
Bosnia & Herz,6903,2012
Malawi,6544,2012
Ireland,6327,2012
Benin,4966,2012
Kyrgyzstan,4941,2012
Brazil,4689,2012
Spain,4510,2012
Mozambique,4398,2012
Zimbabwe,4356,2012
Sierra Leone,4204,2012
Hungary,4054,2012
Ivory Coast,3980,2012
Cyprus,3631,2012
Eritrea,3600,2012
Argentina,3488,2012
Russia,3178,2012
Nigeria,3154,2012
Luxembourg,2910,2012
Armenia,2854,2012
Czech Rep,2805,2012
Botswana,2785,2012
Japan,2581,2012
Somalia,2309,2012
Bulgaria,2288,2012
Tajikistan,2248,2012
Greece,2100,2012
Indonesia,1819,2012
Namibia,1806,2012
Chile,1695,2012
Gabon,1663,2012
Mexico,1520,2012
New Zealand,1517,2012
Azerbaijan,1468,2012
Tunisia,1435,2012
Romania,1262,2012
Peru,1122,2012
Macedonia,1077,2012
Lithuania,871,2012
Domin Rep,758,2012
Morocco,744,2012
Bolivia,733,2012
Croatia,724,2012
Kuwait,674,2012
Slovakia,662,2012
UA Emirates,631,2012
Saudi Arabia,577,2012
Belarus,576,2012
Kazakhstan,564,2012
Swaziland,505,2012
South Korea,487,2012
Portugal,483,2012
Georgia,469,2012
Cuba,371,2012
Bahrain,289,2012
Colombia,219,2012
Moldova,185,2012
Uruguay,181,2012
Slovenia,176,2012
Uzbekistan,176,2012
Guatemala,159,2012
Philippines,141,2012
Oman,138,2012
Paraguay,133,2012
Nicaragua,129,2012
Latvia,128,2012
Hong Kong,117,2012
Sri Lanka,110,2012
Liechtenstein,102,2012
Albania,86,2012
Qatar,80,2012
Cambodia,77,2012
Estonia,63,2012
Iceland,60,2012
Turkmenistan,46,2012
El Salvador,45,2012
Bahamas,37,2012
Monaco,37,2012
Lesotho,34,2012
Belize,28,2012
Jamaica,20,2012
Tr&Tobago,18,2012
Honduras,16,2012
Madagascar,9,2012
Guyana,7,2012
Fiji,6,2012
Mongolia,4,2012
Singapore,3,2012
Tonga,3,2012
Saint Lucia,2,2012
Vanuatu,2,2012
Palau,1,2012
Jordan,2712888,2013
Palestine,1084483,2013
Pakistan,1818507,2013
Lebanon,1303874,2013
Iran,857354,2013
Syria,866547,2013
Turkey,800938,2013
Kenya,534038,2013
Chad,434470,2013
Ethiopia,433038,2013
China,301047,2013
USA,283882,2013
Iraq,246208,2013
Yemen,241288,2013
France,232487,2013
Bangladesh,231145,2013
Egypt,230086,2013
Uganda,220555,2013
Venezuela,204340,2013
India,188395,2013
Germany,187567,2013
Canada,180349,2013
Sudan,158857,2013
Thailand,136499,2013
UK,126055,2013
Ecuador,123209,2013
Cameroon,114753,2013
Sweden,114175,2013
DR Congo,113362,2013
Tanzania,102099,2013
Malaysia,87513,2013
Algeria,84150,2013
Mauritania,82767,2013
Italy,76264,2013
Netherlands,74707,2013
Rwanda,73349,2013
South Africa,65987,2013
Niger,57661,2013
Serbia,57083,2013
Austria,55598,2013
Liberia,53253,2013
Switzerland,52464,2013
R of Congo,51037,2013
Israel,48201,2013
Nepal,46305,2013
Norway,46106,2013
Burundi,45490,2013
Australia,34503,2013
Burkina Faso,29234,2013
Belgium,25629,2013
Libya,25561,2013
Angola,23783,2013
Zambia,23594,2013
Togo,20613,2013
Costa Rica,20569,2013
Djibouti,20015,2013
Ghana,18681,2013
Panama,17665,2013
Afghanistan,16863,2013
Poland,16438,2013
CA Republic,14322,2013
Mali,14316,2013
Senegal,14247,2013
Armenia,13732,2013
Denmark,13170,2013
Finland,11252,2013
Malta,9906,2013
Gambia,9563,2013
Papua NG,9378,2013
Guinea,8560,2013
G-Bissau,8535,2013
Montenegro,8476,2013
Bosnia & Herz,6926,2013
Zimbabwe,6389,2013
Ireland,6001,2013
Malawi,5796,2013
Brazil,5196,2013
Spain,4637,2013
Mozambique,4445,2013
Bulgaria,4320,2013
Cyprus,3883,2013
Greece,3485,2013
Russia,3458,2013
Argentina,3362,2013
Indonesia,3206,2013
Eritrea,3166,2013
Ivory Coast,2980,2013
Czech Rep,2979,2013
Sierra Leone,2817,2013
Botswana,2773,2013
Japan,2584,2013
Hungary,2440,2013
Somalia,2425,2013
Namibia,2332,2013
Tajikistan,2048,2013
Mexico,1831,2013
Romania,1770,2013
Chile,1743,2013
Nigeria,1694,2013
Gabon,1594,2013
Morocco,1470,2013
New Zealand,1403,2013
Azerbaijan,1380,2013
Peru,1162,2013
Macedonia,982,2013
Luxembourg,920,2013
Lithuania,916,2013
Georgia,847,2013
Bolivia,748,2013
Tunisia,730,2013
Domin Rep,721,2013
Slovakia,701,2013
Croatia,684,2013
Kuwait,635,2013
Belarus,604,2013
UA Emirates,603,2013
Portugal,598,2013
Kazakhstan,584,2013
Saudi Arabia,559,2013
South Korea,548,2013
Swaziland,507,2013
Kyrgyzstan,466,2013
Cuba,384,2013
Bahrain,294,2013
Moldova,250,2013
Colombia,224,2013
Slovenia,213,2013
Uruguay,203,2013
Benin,194,2013
Nicaragua,189,2013
Philippines,182,2013
Guatemala,160,2013
Latvia,160,2013
Sri Lanka,145,2013
Uzbekistan,141,2013
Oman,138,2013
Paraguay,136,2013
Qatar,130,2013
Hong Kong,126,2013
Liechtenstein,97,2013
Albania,93,2013
Iceland,79,2013
Estonia,70,2013
Cambodia,68,2013
Turkmenistan,45,2013
El Salvador,44,2013
Monaco,34,2013
Lesotho,30,2013
Belize,21,2013
Jamaica,21,2013
Tr&Tobago,20,2013
Honduras,16,2013
Bahamas,15,2013
Madagascar,12,2013
Guyana,10,2013
Mongolia,9,2013
Fiji,5,2013
Saint Lucia,5,2013
Singapore,3,2013
Tonga,3,2013
Vanuatu,2,2013
Aruba,1,2013
Barbados,1,2013
Palau,1,2013
Jordan,2771502,2014
Palestine,2051088,2014
Lebanon,1806708,2014
Turkey,1587374,2014
Pakistan,1505525,2014
Iran,982027,2014
Syria,877756,2014
Ethiopia,650524,2014
Kenya,551352,2014
Chad,452807,2014
Uganda,385513,2014
China,301052,2014
Afghanistan,300423,2014
Sudan,277833,2014
Iraq,271143,2014
USA,287222,2014
Cameroon,284126,2014
Yemen,257845,2014
France,252264,2014
Egypt,238090,2014
Russia,235750,2014
Bangladesh,232472,2014
Germany,216973,2014
India,188037,2014
Venezuela,173600,2014
Canada,148163,2014
Sweden,142207,2014
Thailand,130238,2014
Ecuador,122161,2014
DR Congo,119754,2014
UK,117234,2014
South Africa,112192,2014
Malaysia,89381,2014
Algeria,84128,2014
Italy,83715,2014
Tanzania,88492,2014
Netherlands,82494,2014
Niger,77830,2014
Mauritania,75635,2014
Rwanda,73820,2014
Switzerland,62620,2014
Austria,60747,2014
R of Congo,54842,2014
Burundi,52936,2014
Norway,47043,2014
Serbia,43751,2014
Israel,39716,2014
Liberia,38595,2014
Nepal,38490,2014
Australia,35582,2014
Burkina Faso,31894,2014
Belgium,29179,2014
Libya,27964,2014
Zambia,25578,2014
Togo,21778,2014
Costa Rica,20744,2014
Djibouti,20530,2014
Ghana,18450,2014
Denmark,17785,2014
Armenia,17640,2014
Panama,17271,2014
Poland,15741,2014
Angola,18474,2014
Mali,15195,2014
Senegal,14274,2014
Finland,11798,2014
Gambia,11608,2014
Bulgaria,11046,2014
Greece,10304,2014
Papua NG,9510,2014
Guinea,8766,2014
G-Bissau,8684,2014
CA Republic,7694,2014
Brazil,7490,2014
Bosnia & Herz,6890,2014
Montenegro,6462,2014
Malta,6095,2014
Zimbabwe,6079,2014
Malawi,5874,2014
Ireland,5853,2014
Spain,5798,2014
Cyprus,5126,2014
Mozambique,4536,2014
Indonesia,4270,2014
Argentina,3498,2014
Czech Rep,3137,2014
Eritrea,2898,2014
Hungary,2867,2014
Somalia,2729,2014
Botswana,2645,2014
Japan,2560,2014
Romania,2182,2014
Tajikistan,2026,2014
Ivory Coast,1925,2014
Mexico,1837,2014
Chile,1773,2014
Namibia,1767,2014
Sierra Leone,1372,2014
New Zealand,1349,2014
Peru,1303,2014
Azerbaijan,1299,2014
Nigeria,1239,2014
Morocco,1216,2014
South Korea,1173,2014
Luxembourg,1108,2014
Gabon,1013,2014
Lithuania,1007,2014
Belarus,925,2014
Tunisia,901,2014
Macedonia,883,2014
Georgia,857,2014
Slovakia,799,2014
Bolivia,763,2014
Croatia,726,2014
Portugal,699,2014
Kazakhstan,633,2014
Kuwait,614,2014
Domin Rep,608,2014
Saudi Arabia,561,2014
Swaziland,515,2014
Sri Lanka,511,2014
Kyrgyzstan,482,2014
UA Emirates,417,2014
Benin,415,2014
Moldova,335,2014
Bahrain,311,2014
Cuba,280,2014
Nicaragua,280,2014
Uruguay,272,2014
Slovenia,257,2014
Philippines,222,2014
Colombia,213,2014
Latvia,183,2014
Hong Kong,170,2014
Guatemala,164,2014
Paraguay,153,2014
Oman,151,2014
Qatar,133,2014
Uzbekistan,125,2014
Albania,104,2014
Liechtenstein,103,2014
Iceland,99,2014
Estonia,90,2014
Tr&Tobago,83,2014
Cambodia,63,2014
Lesotho,44,2014
El Salvador,35,2014
Turkmenistan,35,2014
Monaco,33,2014
Honduras,26,2014
Jamaica,22,2014
Bahamas,13,2014
Fiji,13,2014
Guyana,12,2014
Madagascar,12,2014
Belize,10,2014
Mongolia,6,2014
Haiti,3,2014
Saint Lucia,3,2014
Singapore,3,2014
Solomon Isl,3,2014
Barbados,1,2014
Palau,1,2014
Jordan,2808351,2015
Turkey,2541452,2015
Palestine,2104001,2015
Pakistan,1561182,2015
Lebanon,1528223,2015
Iran,979437,2015
Ethiopia,736086,2015
Syria,581113,2015
Kenya,553012,2015
Uganda,477187,2015
DR Congo,383085,2015
Chad,368540,2015
Cameroon,342073,2015
Germany,316115,2015
Russia,314507,2015
Sudan,308838,2015
China,301052,2015
Iraq,277701,2015
USA,273202,2015
France,273126,2015
Yemen,287173,2015
Afghanistan,257554,2015
Bangladesh,231858,2015
Egypt,212500,2015
Tanzania,211845,2015
India,201381,2015
Venezuela,173754,2015
Sweden,168520,2015
Rwanda,144737,2015
Canada,135888,2015
Niger,124721,2015
UK,123067,2015
South Africa,121645,2015
Ecuador,121535,2015
Italy,118047,2015
Thailand,108261,2015
Algeria,84182,2015
Malaysia,84166,2015
Netherlands,88536,2015
Mauritania,77394,2015
Switzerland,73336,2015
Austria,72216,2015
Burundi,53363,2015
Norway,50389,2015
R of Congo,44955,2015
Australia,36917,2015
Liberia,36505,2015
Serbia,35332,2015
Belgium,35314,2015
Burkina Faso,34017,2015
Israel,32946,2015
Nepal,32667,2015
Denmark,27326,2015
Zambia,26447,2015
Greece,24838,2015
Togo,21953,2015
Djibouti,19365,2015
Armenia,19319,2015
Ghana,17406,2015
Panama,17322,2015
Bulgaria,16557,2015
Mali,15917,2015
Angola,15555,2015
Senegal,14392,2015
Poland,14065,2015
Finland,12703,2015
Papua NG,9510,2015
Libya,9305,2015
Malawi,9019,2015
Guinea,8839,2015
Brazil,8707,2015
G-Bissau,8684,2015
Somalia,8081,2015
Gambia,7854,2015
CA Republic,7330,2015
Malta,7075,2015
Cyprus,7067,2015
Zimbabwe,6950,2015
Bosnia & Herz,6798,2015
Spain,6457,2015
Ireland,6125,2015
Indonesia,5957,2015
Mozambique,5622,2015
Hungary,4393,2015
Morocco,3908,2015
Czech Rep,3644,2015
Costa Rica,3616,2015
Argentina,3207,2015
Mexico,2923,2015
Romania,2598,2015
Eritrea,2549,2015
Japan,2474,2015
Botswana,2130,2015
Ivory Coast,1980,2015
Georgia,1979,2015
Tajikistan,1969,2015
Chile,1849,2015
Belarus,1809,2015
Montenegro,1771,2015
Namibia,1737,2015
Peru,1488,2015
South Korea,1463,2015
Nigeria,1395,2015
New Zealand,1337,2015
Luxembourg,1332,2015
Azerbaijan,1278,2015
Lithuania,1093,2015
Gabon,943,2015
Portugal,853,2015
Slovakia,820,2015
Sri Lanka,784,2015
Bolivia,778,2015
Sierra Leone,760,2015
Kuwait,741,2015
Kazakhstan,708,2015
Macedonia,701,2015
Swaziland,696,2015
Tunisia,665,2015
UA Emirates,663,2015
Domin Rep,615,2015
Benin,530,2015
Croatia,522,2015
Moldova,446,2015
Kyrgyzstan,354,2015
Nicaragua,330,2015
Cuba,303,2015
Uruguay,301,2015
Slovenia,292,2015
Philippines,269,2015
Bahrain,247,2015
Oman,245,2015
Colombia,226,2015
Guatemala,226,2015
Latvia,208,2015
Iceland,179,2015
Paraguay,172,2015
Estonia,168,2015
Liechtenstein,150,2015
Hong Kong,133,2015
Saudi Arabia,125,2015
Qatar,120,2015
Tr&Tobago,113,2015
Uzbekistan,107,2015
Albania,104,2015
Cambodia,76,2015
El Salvador,48,2015
Belize,35,2015
Monaco,32,2015
Lesotho,31,2015
Honduras,30,2015
Turkmenistan,26,2015
Ant& Barb,15,2015
Fiji,12,2015
Jamaica,12,2015
Guyana,10,2015
Madagascar,10,2015
Mongolia,9,2015
Bahamas,8,2015
Haiti,3,2015
Micronesia,3,2015
Solomon Isl,3,2015
Aruba,2,2015
Grenada,1,2015
Saint Lucia,1,2015
Suriname,1,2015
Turkey,2860471,2016
Jordan,2860655,2016
Palestine,2158274,2016
Lebanon,1476833,2016
Pakistan,1352560,2016
Iran,979438,2016
Uganda,940835,2016
Ethiopia,781831,2016
Germany,669482,2016
Syria,562823,2016
DR Congo,451056,2016
Kenya,451000,2016
Sudan,421486,2016
Chad,381251,2016
Cameroon,375415,2016
China,317255,2016
France,304546,2016
Tanzania,281408,2016
Bangladesh,276207,2016
USA,272059,2016
Yemen,268783,2016
Iraq,261888,2016
Sweden,230164,2016
Russia,228890,2016
Egypt,213530,2016
India,187851,2016
Venezuela,172053,2016
Niger,166093,2016
Rwanda,156065,2016
Italy,147370,2016
UK,118995,2016
Thailand,106447,2016
Ecuador,102848,2016
Netherlands,101744,2016
Canada,87332,2016
Algeria,84232,2016
Austria,83250,2016
Malaysia,82263,2016
South Africa,81043,2016
Switzerland,82681,2016
Mauritania,74148,2016
Afghanistan,59771,2016
Norway,59522,2016
Burundi,57469,2016
R of Congo,46457,2016
Greece,46427,2016
Australia,42188,2016
Belgium,42168,2016
Serbia,36522,2016
Denmark,33507,2016
Israel,32946,2016
Burkina Faso,32552,2016
Zambia,29350,2016
Nepal,26249,2016
Liberia,18990,2016
Finland,18401,2016
Armenia,17886,2016
Bulgaria,17814,2016
Djibouti,17683,2016
Mali,17612,2016
Panama,17350,2016
Angola,16555,2016
Senegal,14584,2016
Spain,12989,2016
Togo,12491,2016
CA Republic,12116,2016
Ghana,11865,2016
Poland,11747,2016
Somalia,11574,2016
Brazil,9689,2016
Papua NG,9536,2016
Malawi,9392,2016
Libya,9310,2016
G-Bissau,9263,2016
Cyprus,8484,2016
Malta,7948,2016
Gambia,7940,2016
Indonesia,7827,2016
Zimbabwe,7426,2016
Mexico,6202,2016
Ireland,5731,2016
Bosnia & Herz,5271,2016
Guinea,5068,2016
Morocco,4771,2016
Hungary,4748,2016
Mozambique,4671,2016
Costa Rica,4180,2016
Czech Rep,3644,2016
Argentina,3293,2016
Romania,2905,2016
Tajikistan,2729,2016
Japan,2514,2016
Eritrea,2342,2016
Georgia,2125,2016
Botswana,2093,2016
Luxembourg,2046,2016
South Korea,1807,2016
Namibia,1757,2016
Chile,1737,2016
Belarus,1650,2016
Peru,1649,2016
New Zealand,1421,2016
Ivory Coast,1399,2016
Nigeria,1367,2016
Portugal,1194,2016
Azerbaijan,1193,2016
Lithuania,1093,2016
Slovakia,990,2016
Montenegro,974,2016
Kuwait,939,2016
Gabon,931,2016
UA Emirates,895,2016
Benin,809,2016
Bolivia,786,2016
Swaziland,728,2016
Sierra Leone,683,2016
Kazakhstan,653,2016
Tunisia,649,2016
Macedonia,637,2016
Sri Lanka,604,2016
Domin Rep,592,2016
Slovenia,462,2016
Moldova,432,2016
Philippines,408,2016
Latvia,349,2016
Kyrgyzstan,339,2016
Nicaragua,331,2016
Estonia,322,2016
Oman,317,2016
Cuba,316,2016
Uruguay,312,2016
Croatia,304,2016
Guatemala,300,2016
Bahrain,271,2016
Colombia,258,2016
Paraguay,204,2016
Iceland,179,2016
Qatar,177,2016
Liechtenstein,163,2016
Saudi Arabia,140,2016
Albania,138,2016
Hong Kong,110,2016
Tr&Tobago,109,2016
Cambodia,66,2016
El Salvador,456,2016
Lesotho,456,2016
Monaco,32,2016
Madagascar,28,2016
Turkmenistan,27,2016
Uzbekistan,27,2016
Honduras,16,2016
Jamaica,16,2016
Bahamas,13,2016
Fiji,12,2016
Guyana,10,2016
Mongolia,8,2016
Haiti,5,2016
Ant& Barb,4,2016
Micronesia,4,2016
Samoa,3,2016
Saint Lucia,2,2016
Seychelles,2,2016
Aruba,1,2016
Grenada,1,2016
Palau,1,2016
Suriname,1,2016
Turkey,3480310,2017
Jordan,2896162,2017
Palestine,2213063,2017
Lebanon,1468137,2017
Pakistan,1393132,2017
Uganda,1350495,2017
Iran,979435,2017
Germany,970302,2017
Bangladesh,932208,2017
Sudan,906585,2017
Ethiopia,889307,2017
Syria,560774,2017
DR Congo,537074,2017
Kenya,431880,2017
Chad,411460,2017
Cameroon,337387,2017
France,337143,2017
China,321699,2017
Tanzania,308528,2017
USA,287065,2017
Iraq,277863,2017
Yemen,270898,2017
Sweden,240899,2017
Egypt,232617,2017
India,197122,2017
Rwanda,170976,2017
Italy,187260,2017
Niger,185719,2017
Russia,125986,2017
Venezuela,122774,2017
UK,121766,2017
Austria,115197,2017
Canada,104748,2017
Thailand,104585,2017
Netherlands,103818,2017
Malaysia,103792,2017
Algeria,94243,2017
Switzerland,92995,2017
Ecuador,92320,2017
South Africa,88694,2017
Mauritania,77400,2017
Afghanistan,75927,2017
Burundi,62353,2017
Norway,59160,2017
R of Congo,48494,2017
Australia,48415,2017
Belgium,42128,2017
Zambia,41266,2017
Angola,41109,2017
Greece,38948,2017
Denmark,35593,2017
Serbia,32195,2017
Israel,25637,2017
Burkina Faso,24147,2017
Nepal,21467,2017
Finland,20713,2017
Bulgaria,19141,2017
Armenia,17963,2017
Djibouti,17548,2017
Spain,17526,2017
Mali,17036,2017
Senegal,14646,2017
Somalia,14555,2017
Togo,12420,2017
Poland,12190,2017
Ghana,12148,2017
G-Bissau,11197,2017
Liberia,11109,2017
Brazil,10230,2017
CA Republic,10023,2017
Papua NG,10018,2017
Indonesia,9777,2017
Cyprus,9745,2017
Libya,9342,2017
Malawi,8977,2017
Mexico,8963,2017
Gambia,8034,2017
Malta,7949,2017
Zimbabwe,7566,2017
Ireland,6324,2017
Hungary,5641,2017
Bosnia & Herz,5209,2017
Guinea,5151,2017
Mozambique,4866,2017
Morocco,4678,2017
Costa Rica,4464,2017
Romania,3876,2017
Czech Rep,3580,2017
Argentina,3287,2017
Tajikistan,2516,2017
Eritrea,2392,2017
Panama,2372,2017
South Korea,2203,2017
Japan,2189,2017
Namibia,2177,2017
Belarus,2145,2017
Botswana,2106,2017
Georgia,2069,2017
Luxembourg,1995,2017
Nigeria,1900,2017
Chile,1844,2017
Peru,1758,2017
Portugal,1569,2017
Lithuania,1557,2017
Ivory Coast,1544,2017
New Zealand,1410,2017
Azerbaijan,1115,2017
Benin,1051,2017
Slovakia,887,2017
UA Emirates,874,2017
Gabon,825,2017
Sri Lanka,820,2017
Montenegro,789,2017
Swaziland,765,2017
Bolivia,761,2017
Tunisia,701,2017
Sierra Leone,678,2017
Latvia,638,2017
Kuwait,608,2017
Kazakhstan,602,2017
Slovenia,591,2017
Domin Rep,579,2017
Philippines,482,2017
Croatia,448,2017
Macedonia,409,2017
Estonia,380,2017
Moldova,371,2017
Guatemala,360,2017
Cuba,338,2017
Kyrgyzstan,334,2017
Nicaragua,322,2017
Iceland,321,2017
Oman,308,2017
Uruguay,304,2017
Tr&Tobago,267,2017
Bahrain,255,2017
Colombia,240,2017
Paraguay,195,2017
Qatar,188,2017
Liechtenstein,154,2017
Saudi Arabia,148,2017
Albania,89,2017
Hong Kong,80,2017
Cambodia,61,2017
Lesotho,50,2017
Madagascar,34,2017
El Salvador,30,2017
Suriname,29,2017
Monaco,25,2017
Turkmenistan,22,2017
Uzbekistan,20,2017
Honduras,17,2017
Bahamas,8,2017
Jamaica,8,2017
Fiji,7,2017
Guyana,7,2017
Turkey,3881685,2018
Jordan,2050528,2018
Palestine,2271102,2018
Lebanon,1424582,2018
Pakistan,1404018,2018
Uganda,1165853,2018
Sudan,1078287,2018
Germany,1083837,2018
Iran,784395,2018
Bangladesh,906645,2018
Ethiopia,903226,2018
Syria,576821,2018
DR Congo,528061,2018
Chad,451210,2018
Kenya,421248,2018
Cameroon,380320,2018
France,368352,2018
China,321756,2018
USA,313241,2018
Iraq,283022,2018
Tanzania,278322,2018
Yemen,264369,2018
Sweden,248226,2018
Egypt,246749,2018
India,185391,2018
Italy,180243,2018
Niger,175418,2018
Rwanda,145360,2018
Austria,128769,2018
UK,126720,2018
Malaysia,121302,2018
Canada,114109,2018
Switzerland,1040037,2018
Thailand,102245,2018
Netherlands,101837,2018
Ecuador,101564,2018
Algeria,94350,2018
South Africa,99285,2018
Mauritania,83191,2018
Russia,77397,2018
Afghanistan,72231,2018
Burundi,71507,2018
Venezuela,67289,2018
Greece,61460,2018
Norway,57026,2018
Australia,56933,2018
Zambia,49879,2018
Belgium,42168,2018
Angola,39865,2018
R of Congo,37494,2018
Denmark,36631,2018
Nigeria,34738,2018
Serbia,30954,2018
Mali,26539,2018
Burkina Faso,26122,2018
Finland,22295,2018
Nepal,20808,2018
Spain,20457,2018
Bulgaria,19918,2018
Israel,18569,2018
Djibouti,18295,2018
Armenia,17970,2018
Somalia,16741,2018
Mexico,16549,2018
Senegal,14359,2018
Malawi,13782,2018
Poland,12506,2018
Togo,12336,2018
Ghana,11899,2018
Brazil,11327,2018
Cyprus,11014,2018
Indonesia,10793,2018
Papua NG,10026,2018
Liberia,9122,2018
Libya,8794,2018
Malta,8579,2018
Zimbabwe,7797,2018
CA Republic,6655,2018
Ireland,6041,2018
Hungary,6040,2018
Morocco,5940,2018
Bosnia & Herz,5229,2018
Mozambique,4907,2018
G-Bissau,4850,2018
Costa Rica,4547,2018
Guinea,4294,2018
Romania,4157,2018
Gambia,4034,2018
Argentina,3468,2018
South Korea,2903,2018
Tajikistan,2657,2018
Peru,2529,2018
Panama,2518,2018
Namibia,2400,2018
Eritrea,2252,2018
Belarus,2234,2018
Czech Rep,2186,2018
Portugal,2136,2018
Botswana,2047,2018
Luxembourg,2046,2018
Chile,2033,2018
Georgia,1991,2018
Japan,1895,2018
Ivory Coast,1810,2018
Lithuania,1734,2018
New Zealand,1564,2018
Benin,1174,2018
UA Emirates,1164,2018
Azerbaijan,1134,2018
Tunisia,1066,2018
Slovakia,949,2018
Swaziland,879,2018
Bolivia,810,2018
Sri Lanka,800,2018
Croatia,787,2018
Tr&Tobago,785,2018
Slovenia,749,2018
Montenegro,729,2018
Gabon,687,2018
Kuwait,673,2018
Latvia,670,2018
Philippines,642,2018
Sierra Leone,592,2018
Kazakhstan,574,2018
Iceland,573,2018
Moldova,418,2018
Macedonia,412,2018
Uruguay,391,2018
Guatemala,390,2018
Kyrgyzstan,333,2018
Nicaragua,326,2018
Estonia,325,2018
Colombia,310,2018
Oman,308,2018
Cuba,287,2018
Paraguay,266,2018
Saudi Arabia,266,2018
Bahrain,263,2018
Qatar,190,2018
Domin Rep,170,2018
Liechtenstein,168,2018
Hong Kong,141,2018
Albania,131,2018
Lesotho,57,2018
El Salvador,48,2018
Madagascar,44,2018
Suriname,43,2018
Belize,28,2018
Honduras,27,2018
Monaco,25,2018
Guyana,23,2018
Turkmenistan,22,2018
Bahamas,16,2018
Jamaica,16,2018
Mauritius,14,2018
Uzbekistan,14,2018
Haiti,8,2018
Mongolia,7,2018
Fiji,4,2018
Samoa,3,2018
Grenada,2,2018
Saint Lucia,2,2018
Ant& Barb,1,2018
Barbados,1,2018
